sample_id,tADS,PL,v0,t_press,t_depress,co2_mol_frac_wet,o2_mol_frac_wet,h2o_mol_frac_wet,sox_ppmv_raw,nox_ppmv_raw,dust_mg_Nm3_raw,kiln_exit_temp_c,feed_temp_c,dehumidification_efficiency,desulfurization_efficiency,denox_efficiency,dedusting_efficiency,co2_mol_frac_dry,o2_mol_frac_dry,n2_mol_frac_wet,inert_mol_frac_effective,h2o_ppmv_residual,sox_ppmv_residual,nox_ppmv_residual,dust_mg_Nm3_residual,capacity_factor,affinity_factor_co2,mtc_factor,dax_factor,deactivation_index,oxidative_stress_index,cooling_load_index,CO2_purity,CO2_recovery,n_CO2_feed,n_N2_feed,n_CO2_product,n_N2_product,n_CO2_dynamic_product,n_N2_dynamic_product,n_CO2_available,bed_y_CO2_before_blowdown,bed_y_N2_before_blowdown,n_CO2_void_tail,n_N2_void_tail,valid_physics,status_detail,n_cycles,status
1,166.05953468860037,0.1574308142592316,0.012475884261633412,69.930102843906,55.266960220949535,0.24534764965871494,0.016607873560188214,0.12205527040950123,72.65779292675967,175.55533946174228,7.628827873974669,461.0517911828996,79.89961146082953,0.993103977928492,0.9432519351134444,0.4245687846442511,0.9949739592176865,0.2794568284192023,0.018916764347950074,0.6159892063715956,0.7205431715807977,841.6958386877939,4.1231891475216775,101.02002234866143,0.03834280001584669,0.9257792663726166,0.9470387553414946,0.9623523733121795,1.0353045619367105,0.15235771729265415,0.3969105034967011,0.9979922292165907,0.2876664798155774,0.7687669895496995,0.09230470895697981,0.2379957151876652,0.07096081322611855,0.17571656563154825,0.6003309378768553,0.18302787527202774,0.6052749212998351,0.11809229530927706,0.8819077046907229,0.0049439834229797145,0.03692143557011971,True,ok,10,ok
2,133.51767308867124,0.17097716809070307,0.013067803626293137,33.65996735980263,70.7582307705535,0.27293224905869384,0.008008093337021235,0.08271053277174267,68.49308325368207,250.10626570019377,65.80413935033812,954.066335898482,48.18064944942634,0.9788778166948303,0.8579852145519289,0.6847261397695579,0.94487780624342,0.29754211599464236,0.0087301703803697,0.6363491248325422,0.7024578840053577,1747.0270344729931,9.727030522948532,78.85196785512072,3.627268519254329,0.8806827896509084,0.9319218317627384,0.9533265165251372,1.0372363975543104,0.26227507718551957,0.2172379809217869,0.3636129889885268,0.2788489452383295,0.7829160920127428,0.0909384118449981,0.21469365486597325,0.07119714601553123,0.18412799410533143,6.367763529765632,0.1894956797240561,6.382785472306968,0.2712455094698417,0.7287544905301583,0.015021942541335608,0.04035940762625422,True,ok,10,ok
3,199.1260670050859,0.0874972160389139,0.02389500167303765,58.454535719903426,75.00555586909267,0.25812201536060214,0.009263477016055736,0.11717613829917307,225.45702192607743,59.5564501587887,47.37044804452576,516.1912079022795,59.806554709497064,0.9668590657474169,0.9650603896015792,0.6687242367286039,0.9297950811460843,0.29238223677292835,0.010493007062823322,0.6154383693241691,0.7076177632270717,3883.326695344483,7.87738050768535,19.729608484087585,3.325638461039559,0.8478029983921341,0.9075390278540013,0.9226395333164841,1.0315102554616098,0.3478849424628668,0.13815350826917794,0.5961310941899413,0.576327865083498,0.7675068012648064,0.23518429204451013,0.5691884175984508,0.18050554369481003,0.1326938600311551,19.486529618036673,0.1272143588566516,19.621138007856413,0.7860952080371739,0.21390479196282608,0.13460838981973874,0.03662836171300077,True,ok,10,ok
4,117.05340940521785,0.09932332252633552,0.03319246334878695,39.88287013559729,49.2215056508509,0.2847168976659389,0.008481567565678746,0.13899667721151915,207.7264476463386,323.07226594250955,86.08763046197642,434.0308157883996,35.2118275602753,0.9540065404950735,0.956197003245681,0.4321299863110211,0.9169953814371181,0.33068037036586917,0.009850795393227973,0.5678048575568633,0.6693196296341308,4000.0,9.099040912038781,183.46305208330233,7.145670929478683,0.8120153284505437,0.8880934695899528,0.9214075529754069,1.0653325434839989,0.4656184484487531,0.41580538381808085,0.10423655120550607,0.580229504879436,0.7992079807418445,0.23452064077357293,0.47468577663214173,0.1874307677549307,0.13559790655193055,17.056345314836562,0.12942226388356964,17.148233551484118,0.7090339455237828,0.29096605447621715,0.09188823664755588,0.037708149008811406,True,ok,10,ok
5,188.72668312061765,0.1266206473458002,0.01032587967199819,54.05025373412924,40.075184655084826,0.2940246803154303,0.04842676276538855,0.151397525024555,92.16825760125295,113.59007289338666,115.8072698340487,592.4954126011884,60.00706236673841,0.9811295742353227,0.9229458876610999,0.5211444453916999,0.9973372784972229,0.34648105442296534,0.05706648777661156,0.5061510318946262,0.6535189455770347,2856.9357569317463,7.101943275287631,54.39323735335991,0.308362507565035,0.8742922195017977,0.9078292108165783,0.9448087126946451,1.0217036230875247,0.32264316648125335,0.7451881653683798,0.6001412473347681,0.4043748392384453,0.8176100842801919,0.11407764600200505,0.21516877179129004,0.09327103376218525,0.13738385549314422,14.524688266838957,0.1402154710987426,14.65579603696586,0.7922012428620128,0.20779875713798723,0.1311077701269029,0.034390291518702876,True,ok,10,ok
6,160.59623767433408,0.26056944016467587,0.027069032504045284,51.26446338030796,81.97147145185619,0.28488031651651985,0.02200865315660611,0.1256104850673418,137.6935902131511,296.8703814689105,11.037007306704085,683.4573941963048,45.337406376202935,0.9771558712159369,0.9009549913121612,0.4130514187954312,0.9923484537585467,0.3258048177058254,0.025170307718409824,0.5675005452595323,0.6741951822941745,2869.462097506985,13.637862838921272,174.2476492048361,0.08445017177450376,0.8433865435450048,0.8954103449453633,0.9493907386582771,1.0326943607900791,0.39619041023995827,0.6115440247673225,0.3067481275240587,0.6004350224550467,0.7779499329180589,0.25031279729719397,0.5179778592369446,0.19473082386588372,0.12958540783837671,10.33784420060256,0.1180360733544676,10.433596963423282,0.7084754009623101,0.2915245990376899,0.09575276282072215,0.03940050106206445,True,ok,10,ok
7,205.3014626851447,0.09754402486422198,0.02607759311071184,56.59227607255252,36.144823236975995,0.2891598874399553,0.04204273109919796,0.1326195692563103,197.00145905168463,193.32155409565885,55.26641221394102,700.1032516961011,56.99640397863523,0.9775459568541757,0.8872121397157441,0.5664566462639075,0.9026931624417067,0.3333714679175208,0.04847092418623122,0.5361778122045364,0.6666285320824792,2977.8455300618293,22.21937303931597,83.81327491210537,5.377799795731634,0.8283405243210847,0.884664776178005,0.9220356429780566,1.0502595518069282,0.4448015209048023,0.7755264379270417,0.5399280795727046,0.652149526097122,0.7948293668362185,0.304292410011137,0.6084803953880994,0.241860543582219,0.1290061578469249,17.883420638628884,0.1258339889294354,17.970169390097286,0.7114844229363595,0.2885155770636405,0.08674875146840333,0.03517767259915885,True,ok,10,ok
8,89.46559558278649,0.20965885722976546,0.03208122681184479,73.1597563252153,34.55444687649826,0.277836826290328,0.013473254760301638,0.12426480717732158,247.3416742296628,171.17270976096617,64.68173054351965,737.5855525971485,42.150700318360094,0.977928010127121,0.9537132326790428,0.7646828776433798,0.9404453538075132,0.31726123212520624,0.015385078583943291,0.5844251117720487,0.6827387678747938,2742.771565573097,11.448646523844387,40.27986948693551,3.8520975776370827,0.8619782332835384,0.9165669467584545,0.9423593892763228,1.0301627484385698,0.31511646231452556,0.24177277329496988,0.24301400636720188,0.49455916604368705,0.7910625318255062,0.1625581738053826,0.3498213965457452,0.12859368053941664,0.1314230967617188,12.576817664121727,0.12464479681824071,12.69699017764899,0.7534951363230201,0.24650486367697988,0.12017251352726313,0.039314267122301266,True,ok,10,ok
9,208.37484852510883,0.23449567912590275,0.030033431058423744,56.90773884374284,83.26376243288118,0.22896351789366515,0.025247032295470616,0.14132393666893764,170.59090108845888,335.90947460494846,2.4516841320807017,800.3838453449257,68.87832471370831,0.9625459647796188,0.9957454386469711,0.20761852429372474,0.9035574184778654,0.2666471416536836,0.029402277964439574,0.6044655131419266,0.7333528583463165,4000.0,0.7257894549493379,200.0,0.23644674677471686,0.8314644062934156,0.8906665042564922,0.929488602675347,1.0467335636193569,0.44291352203117046,0.7151378867422495,0.7775664942741662,0.5888809173811981,0.7013266686136624,0.27462168110470725,0.7552850315702063,0.1925995087382479,0.1344606880749784,10.29286268760424,0.12242055598613241,10.380793939291403,0.6896159473311374,0.3103840526688626,0.08793125168716359,0.03957631542676957,True,ok,10,ok
10,158.09302064343075,0.2542877438659423,0.016854689924620733,50.43615106581353,70.82914157390817,0.23230171574428454,0.0391893464720556,0.1203203972035973,102.1053866387922,206.20642389900624,101.46812266628062,582.8020639972162,69.49540488277557,0.9847980669463625,0.9106308521213156,0.8063475726274247,0.946404601089934,0.2640753690387085,0.044549568214924014,0.6081885405800626,0.7359246309612915,1829.102623276157,9.125071397732471,39.93237452786077,5.438224510954823,0.8885300745567395,0.9239033834567814,0.9365113055359295,1.0489791406870634,0.2711771409206817,0.6445033435024927,0.7899080976555115,0.3905896370009873,0.7250819008540517,0.11559157027404546,0.3221303221342613,0.08381335549700958,0.13076826049398949,12.347992987401522,0.12366448079128722,12.512030977548026,0.8055067978699316,0.19449320213006838,0.1640379901465035,0.039607702950417295,True,ok,10,ok
11,197.6317969023874,0.16026211550311464,0.016213575302313998,68.79638277069509,77.77208957197698,0.23471570391052007,0.04467182303089767,0.12892966662091954,22.589747215018395,304.0422187835796,117.74231955069897,568.9967714770944,32.5258607458332,0.9918760931006202,0.8918798577157103,0.33000769420038045,0.9338210452468362,0.2694566614385825,0.051283830155947896,0.5916828064376627,0.7305433385614175,1047.4126081964266,2.4424066830539255,200.0,7.792063638078263,0.8912956891900689,0.9262358025232362,0.9610470177688664,1.0699706624887246,0.29125200073844243,1.0,0.050517214916663986,0.4570553085374652,0.765425590288535,0.15899120778236628,0.4310525006698195,0.12169593906750482,0.14456491994520548,12.762116414667982,0.13736411546210614,12.872917806356364,0.7226134156432991,0.27738658435670094,0.11080139168838153,0.042532866006989016,True,ok,10,ok
12,103.17641870182217,0.1384593120599977,0.028661959664579975,48.6319596649468,57.72421232491489,0.2745282496199858,0.042000985938400535,0.0923853694808571,191.5649738917477,381.8159264682742,34.48692545068596,838.6729080619498,63.13695308430302,0.961695341408514,0.970084249846159,0.7378746706754549,0.9791608809249928,0.30247226123157517,0.04627623280419858,0.5910853949607566,0.6975277387684249,3538.7900368125233,5.730809897172591,100.08362546685268,0.7186771459977425,0.8475751317179339,0.8959347108687467,0.9341752116111124,1.0318607107837379,0.40061077817632545,0.7736474365399513,0.6627390616860604,0.4677696407937678,0.7627763614983207,0.14971715984267317,0.34526098867603855,0.11420071043865673,0.12993807172956442,16.41457649620373,0.12430627509506711,16.553852107336187,0.7922988835463897,0.20770111645361033,0.139275611132457,0.03651109515324273,True,ok,10,ok
13,191.69745749274898,0.17332572842552718,0.03178825060194683,52.32274517420266,32.94543888865377,0.2664574577124023,0.04569128876391429,0.16946181791144974,188.84304720923586,499.6320654450839,35.95953853341826,488.4760596046959,51.01948968876866,0.9513391098426914,0.9600707509509485,0.6446641475522072,0.9672578786609773,0.3208250547161397,0.05501407370461239,0.5183894356122336,0.6791749452838602,4000.0,7.540361063199366,177.53718588518026,1.1773915739564416,0.8265962203300559,0.8778208300824828,0.9321878999021467,1.0409253316280669,0.4711323952269944,0.9606900752990655,0.42038979377537317,0.6686558123763228,0.7715454678346698,0.339460179098521,0.7186248242652883,0.2619089626938092,0.1297857744879646,13.922070532763009,0.12353835030093666,14.001678542754217,0.6784528128198817,0.3215471871801183,0.07960800999120785,0.03772956822639842,True,ok,10,ok
14,171.7750111609212,0.13428779500510252,0.022398385054927413,43.97254484515814,88.39103947069708,0.2587964052453029,0.04354719711156731,0.14849367207627065,150.08793995546105,233.127975843245,57.42736857256165,828.5308012244532,34.54535088304498,0.9571123303612821,0.9286066200065172,0.3362449468361527,0.9279320926987279,0.3039277533924371,0.05114136640387702,0.5491627255668592,0.6960722466075628,4000.0,10.715285329679265,154.7398719998132,4.13867027484336,0.8124647364443944,0.8761319061379196,0.9299536710691078,1.045722472527407,0.505904643594695,0.9207947759996731,0.09090701766089965,0.5333259478816657,0.7637960036663896,0.2139123371620562,0.48991393330640165,0.16338538825931584,0.14296645700205105,13.801216927299318,0.13481149824273175,13.883533320181694,0.6731121934011625,0.32688780659883754,0.08231639288237688,0.03997583965978096,True,ok,10,ok
15,203.42578049064704,0.24829234648838538,0.012798620081401712,54.42291816729534,54.63057628954493,0.25136167048131636,0.02127130057826158,0.1783890967115221,1.0124851537395432,408.77157330777146,79.54104463863834,674.014131244533,64.13967740609687,0.9888434618943591,0.8720404835473838,0.37739425438825314,0.9504334153179377,0.30593760315892515,0.025889749628593917,0.5489779322288999,0.6940623968410748,1990.2047550929522,0.1295571106879647,200.0,3.942577924780766,0.877597033700044,0.9226797430420774,0.9461600895286034,1.0633687605863427,0.3075689268438339,0.6665603672039584,0.6827935481219373,0.46286660365785093,0.7650340087559395,0.13292561055397678,0.30156040614180685,0.10169261270843968,0.11800915861142515,17.67190174348911,0.10995035299057086,18.00209312219957,0.8953927934184747,0.10460720658152534,0.33019137871046284,0.03857569328019045,True,ok,10,ok
16,213.88239563036643,0.14335531734722573,0.014190446927134028,47.86861179044324,79.55411722965968,0.26020194903243965,0.0264589557625701,0.17155439902337977,47.3396852550277,252.05427625525576,76.20096658298816,726.7492312409768,64.59647086824674,0.9531378128494987,0.9210689377561265,0.9468111554843008,0.9156453921909234,0.31408453219583565,0.03193807261620888,0.5417846961816104,0.6859154678041643,4000.0,3.7365716434699707,13.406475709257881,6.427902650780514,0.843116558122389,0.9047530827844573,0.9115497707918001,1.04798907295759,0.38354582545464067,0.4236687197366433,0.6919294173649349,0.4928887550768021,0.7734243014440445,0.158868047617596,0.3469449782799664,0.12287240875041837,0.12641793817841823,15.810107646063845,0.12190775536259334,15.943583210511775,0.7882978460438312,0.21170215395616876,0.1334755644479315,0.03584567005473128,True,ok,10,ok
17,123.04266701827095,0.27518228763222197,0.019977853463105013,32.190063217342065,69.79844144523292,0.2961290032502815,0.025674776350359967,0.08975791031873287,241.8047669487817,362.87607484756336,54.60275897023878,690.7723899639647,76.04717075131984,0.9941444495669046,0.8665746495802027,0.445005476660741,0.9623660877921668,0.3253299387133096,0.028206536086845115,0.5884383100806256,0.6746700612866904,525.5819706405925,32.26288576331862,200.0,2.0549154373914424,0.8614553485240382,0.9037430240595902,0.948110450797499,1.0586934454874852,0.3435694287369777,0.6986010309882835,0.9209434150263968,0.3797561221322168,0.7660797435237193,0.12890435492460212,0.2673221818473378,0.09875101515972967,0.1612869655455512,0.47908714511682593,0.15990381331277514,0.4871409510142809,0.18009287630480644,0.8199071236951936,0.008053805897454979,0.036666485447239563,True,ok,10,ok
18,139.78037114280315,0.20621828799353148,0.014851044454110536,39.50812981380472,50.37586471339753,0.26392131348285314,0.019930916963702975,0.0884186560873148,42.25747288351534,216.7751562253802,25.660039266763118,484.0991810960505,69.96426308752866,0.9763420533083498,0.9789144329529468,0.6791582125678541,0.908318762285222,0.28952031022272934,0.021864112398522314,0.6277291134661291,0.7104796897772707,2091.803852261048,0.8910227777243962,69.55052859423364,2.352544159786647,0.8998633179898897,0.9345336494807217,0.9463671764347504,1.0381810053230798,0.22395347306464808,0.3826000858705366,0.7992852617505732,0.37573449445926793,0.7646228725704277,0.09859460839775326,0.24195009577828183,0.07538769269304652,0.1252531688853919,14.388127877093677,0.12054674205592493,14.57232346207776,0.8314886847315244,0.16851131526847563,0.18419558498408287,0.037329480078656926,True,ok,10,ok
19,135.5377395925555,0.12119876558304168,0.018983778196965752,48.46959666047174,47.97320965691269,0.2539747333129974,0.019772151028757675,0.10489026396182362,119.92950954661677,388.8086037971875,74.72447616917174,605.8001833839039,74.3834377840536,0.975263032946863,0.8637938499600294,0.20746666474689332,0.9413064779550587,0.28373586286426605,0.022089080514608984,0.6213628516964214,0.7162641371357339,2594.6670038184734,16.33513677152657,200.0,4.38584268933197,0.834457289758133,0.8945688142396097,0.9240498471064831,1.0696825885602812,0.4173251329008817,0.6139979220105498,0.887668755681072,0.36806955619079845,0.7352748198552364,0.11824158441780198,0.2984896078402826,0.08694005968219708,0.14926545696512225,9.335023748974733,0.15048531829842737,9.368805757992957,0.480178101997219,0.519821898002781,0.03378200901822474,0.036571072219162455,True,ok,10,ok
20,90.90049002738773,0.24163313752684784,0.03230074818376713,36.027877738712824,87.21692164718351,0.28833085434504796,0.0269342210147643,0.13485238231793026,187.2811219907391,211.26961696267355,8.297490721723257,761.8382901788219,41.59324164737793,0.9631342832881976,0.8734720791776945,0.3458831762060293,0.9811887427186798,0.33327359221950226,0.031132514803574554,0.5498825423222575,0.6667264077804977,4000.0,23.696290974756767,138.19501081179283,0.15608623275570307,0.8013858115251307,0.8675816730290211,0.9318869749906655,1.0261469794444986,0.5116619692798093,0.630907963012626,0.2318648329475586,0.5057038664198911,0.7697336291777784,0.17499797007566967,0.3500900481805493,0.13470182260508948,0.13166320157142172,10.485923331356382,0.12041972365604701,10.599597775991533,0.7448028414892435,0.2551971585107565,0.113674444635152,0.038949093169642596,True,ok,10,ok
21,214.90653765477475,0.17657289245376412,0.02768753987083316,67.01262823049525,51.74763996690296,0.22488369207744383,0.024380217400363457,0.12788836545306284,205.8697519393915,23.91235086185002,81.46835531102758,471.45678837616197,39.92773768170894,0.95044469581505,0.8993545270860956,0.5817661225130675,0.942919545255194,0.2578611305813746,0.02795538602466759,0.6228477250691299,0.7421388694186254,4000.0,20.719858542608236,10.000955220779526,4.65025076846489,0.8220207315093859,0.8851355963981721,0.9207254495824467,1.028722492198125,0.4312960393234645,0.362629350700916,0.19855475363417882,0.5549891871148462,0.7175826155232022,0.2758528068114319,0.7939199277976704,0.19794717861116395,0.15872135332944468,10.022589482804868,0.15258900149844068,10.059330942367554,0.460662917013,0.539337082987,0.03674145956268539,0.043016337745858425,True,ok,10,ok
22,212.02211692480705,0.2583310634454706,0.026813078031387695,42.71063263167299,85.4726744581792,0.26924231860325154,0.041508463367734234,0.11267952700920895,26.336501878223192,337.92923066439516,105.31405699115719,753.7790733619306,77.38504535907944,0.9640475396383922,0.8633969544959286,0.36325745774524054,0.9576985051767628,0.3034330062234976,0.04677956232411311,0.5765696910198053,0.6965669937765024,4000.0,3.5976463644889853,200.0,4.454942036625543,0.8188338941931445,0.8815307413026505,0.9111438280283392,1.0712287283267596,0.49291914308303514,0.9554620321419898,0.9477009071815888,0.6352462770840532,0.7217009646141742,0.2769930866827001,0.6358709755698986,0.19990617785036224,0.11478465161499715,10.008691616397353,0.10297814389304996,10.19496807418281,0.8363996170625891,0.16360038293741086,0.18627645778545732,0.03643581274337765,True,ok,10,ok
23,146.20365934550233,0.10987362630106756,0.03434380307958986,35.944676915379446,59.03647546630686,0.22298490878132224,0.033182862606133484,0.10647609175667866,141.9496746096808,299.32122157477323,5.4025652069799746,747.4601256864244,76.99713458958165,0.9730813292684956,0.9448494276030348,0.4710811786169102,0.9766547467332896,0.24955673454749883,0.037137072998271965,0.6373561368558656,0.7504432654525012,2866.1948547754873,7.828605806286854,158.3166277302757,0.12612425304686542,0.8547978235595752,0.9004948466161182,0.9363813213582316,1.043176969260608,0.37742567431720686,0.7491625548870628,0.9399426917916329,0.4771935044322751,0.7097282069676537,0.20143505946049584,0.6057363431696189,0.14296414357132042,0.1566295060560088,8.899191597306956,0.15312101986716653,8.931838423365017,0.4630974331095946,0.5369025668904054,0.03264682605806035,0.03784984208117828,True,ok,10,ok
24,151.41030717765142,0.24718886732751294,0.011706887158982835,41.398906992185914,40.67029446562543,0.2631013686378117,0.01916784778352691,0.1290998310571768,126.1410096447546,148.59896714147658,37.67228064021531,862.8376743833583,37.752272619851965,0.9584450122173838,0.9544507781164625,0.2577254370895592,0.9763100378972344,0.30210278746091845,0.02200923649698514,0.5886309525214846,0.6978972125390815,4000.0,5.745624836922371,110.30123338388248,0.8924549006914524,0.833707246112432,0.895721068010038,0.9405736865695384,1.0241083685589805,0.4149293034907783,0.4559208546566952,0.1550454523970393,0.24798693068744734,0.7567843916831226,0.09694768075457742,0.2239619062419314,0.07336849160494245,0.2224877916336816,7.075207073118754,0.21809554733388,7.136358637971149,0.48556790577172587,0.5144320942282741,0.06115156485239451,0.06478666979102722,True,ok,10,ok
25,189.97984501327778,0.17984961685862405,0.0173209790286425,70.52674079104406,72.42693482495807,0.2419017647863064,0.04952972829733537,0.10805948669218335,64.78936214469677,225.87151523394718,94.13173870697155,657.966756180506,45.63173771409466,0.9783081115929201,0.8935626859718446,0.7766121291593215,0.9727999241821081,0.27120840591621825,0.05553030449715901,0.600509020224175,0.7287915940837817,2344.0143266531786,6.896005684278972,50.45695687166933,2.5603904296996114,0.8823929011356665,0.9161740823076867,0.9517547779285496,1.0266231907648864,0.2984145259539926,0.7382996745254213,0.31263475428189325,0.4647108851143158,0.7536559658422539,0.15757938192603024,0.42344752759649273,0.11876064128228773,0.13679748116856338,15.562424727955918,0.12981080166354345,15.718655327826184,0.7927528037385048,0.20724719626149524,0.15623059987026677,0.040842938228250705,True,ok,10,ok
26,170.48860564800083,0.11630656863324898,0.010804712791366744,38.93857846502743,33.317725233171046,0.2280798899817286,0.017219900257582868,0.16856793423042848,204.87210776751448,420.89079028393803,90.88963752880532,452.19537528096697,52.06196902722044,0.9831511747376798,0.8817813802155318,0.4974953922445186,0.9015219771147547,0.2743217388069083,0.02071113319600462,0.58613227553026,0.7256782611930916,2840.171668678779,24.219697812610395,200.0,8.950631804593343,0.8081350560860441,0.8814703133861815,0.9145051253078198,1.0835779466338549,0.4831201992940021,0.594941203774532,0.44123938054440887,0.32091741772978727,0.7276083381938838,0.08746050997989901,0.2313640584275701,0.06363699632406392,0.1346601131760702,18.451212587164985,0.13237065958592018,18.614614847981517,0.8084472497442785,0.1915527502557215,0.1634022608165335,0.038716381888008564,True,ok,10,ok
27,97.70141116811293,0.2703492829418717,0.011200203082006272,34.29402315147598,59.64996577984149,0.2817654508220112,0.02336144136669678,0.15038073236121713,18.57256530339353,479.3139293816744,88.43069564530421,579.2799685188986,72.38237834396632,0.9937504183189674,0.916630342339128,0.8682945676774323,0.987516081231518,0.33163731279903635,0.02749636485013066,0.5444923754500749,0.6683626872009636,939.8166701449322,1.5483884112281083,63.12824828744212,1.1039616210763312,0.9292734578893354,0.9498364508230901,0.9629750233823622,1.0319419966860843,0.14758807748703812,0.44925394838780947,0.8476475668793264,0.28834875734722204,0.809777892913975,0.05911682310795786,0.11914063112422356,0.0478714964521303,0.11814793395063261,13.42120483136045,0.11318954087791742,13.661357728527474,0.8683314366511137,0.13166856334888632,0.24015289716702296,0.036415342828086,True,ok,10,ok
28,217.3652082629687,0.26811079081832856,0.02363922250126762,41.47455699893585,53.07307070544706,0.23994830509565318,0.004137071464326071,0.16392676939148898,180.48781060273083,463.90120195906826,31.20036021517205,622.44022163819,57.581428275621356,0.9700781945414829,0.9904099118432563,0.30645971158703694,0.9315169677483228,0.28699436402360823,0.004948216630874578,0.5919878540485317,0.7130056359763918,4000.0,1.7308940148978436,200.0,2.136695274879573,0.8290825409663448,0.8972146112162049,0.9289337530301016,1.0517160476846465,0.4213900821988218,0.3769434214908186,0.5516285655124271,0.4870251044671875,0.724960985714063,0.2509752163207309,0.6235200622697769,0.18194724021367725,0.19164179769173045,0.9776608668684457,0.18916663376586734,0.9864232457080233,0.17684710616429555,0.8231528938357044,0.008762378839577596,0.04078538606100901,True,ok,10,ok
29,167.5913305490737,0.13194365285212195,0.029216765939054028,51.61541487972301,68.08791804033063,0.29188106771952177,0.012529321687032805,0.08182854692483879,105.3173381419773,198.6808527973066,68.16738806637552,845.4331288063911,74.90319936439795,0.990848248536022,0.8500668716804897,0.5736730071242631,0.9959804849431277,0.3178938603917023,0.013645949942213199,0.6137610636686066,0.6821061396082977,748.8745241145821,15.790557973910342,84.70301051506267,0.2739998427204507,0.902794189022835,0.9371607400208084,0.9594701902512522,1.0320367305366207,0.2055519217012039,0.2954614910064358,0.898063987287959,0.6164216150730373,0.8036294030133231,0.2517270670841426,0.5401317840870302,0.20229527264312425,0.12588152663922267,13.961094961865784,0.11935800219584877,14.060633901173771,0.7419590824155886,0.2580409175844114,0.09953893930798771,0.03461797266607937,True,ok,10,ok
30,128.25737813578613,0.16585512510201303,0.022483198698331035,65.44857337518809,56.03070262679395,0.22121361558947955,0.036905014662954545,0.17334573080576263,71.11254013713499,314.07061621097375,83.62026264401631,859.8818116319068,53.37355543634371,0.9893455923985327,0.9641224896761622,0.7829705784469947,0.9820224311548026,0.2676011288311649,0.0446438324197211,0.5685356389418033,0.7323988711688352,1846.8960719788213,2.5513408929243897,68.16256416306356,1.5032890285362925,0.8982767566058099,0.9290005415730512,0.9594414838500218,1.0270902519416785,0.253636660923435,0.6952098292602275,0.46747110872687414,0.43480955656682957,0.7554661425842856,0.13302203764307347,0.36406868175744084,0.10049364565691433,0.1306274144467143,18.44334854820235,0.12434032626678326,18.7140767625387,0.873237719528624,0.12676228047137605,0.2707282143363484,0.03929986654234774,True,ok,10,ok
31,209.42461878580363,0.2660422960326729,0.026147669078286556,28.628215777041348,30.170724525067094,0.297552015208646,0.012935167613229707,0.1531280526105478,155.51454948253252,261.4222382261768,92.48953884601697,757.3751698173329,70.25210967776889,0.9964132176464436,0.8570865521708181,0.934213730883303,0.9677784290292323,0.3513541995644949,0.015274053713909587,0.5363847645675766,0.6486458004355051,549.236996937963,22.22512045415064,17.197993717036553,2.980158239980514,0.9028105421403898,0.9383429939212483,0.9529554477523742,1.0335813341285658,0.19395049333621842,0.19984404036739337,0.8050421935553778,0.695444020933795,0.8095430332207374,0.3153643655465085,0.5822038602991028,0.2553010250542539,0.11180404360598566,10.908818029241727,0.10452492657489655,11.005500784556133,0.73263269057501,0.26736730942499,0.09668275531440666,0.035283448976211,True,ok,10,ok
32,195.93962853853247,0.08978158498175705,0.03592457522129314,40.44950965872698,38.56994815995007,0.23726479149899843,0.0313359804639681,0.09531474961856438,163.78938919072013,283.7566089104444,25.535274979451515,916.8867722954453,33.47270828621998,0.9795533699587974,0.9893226785583396,0.3530177816237914,0.9207653358742285,0.26226225242310763,0.0346374393202013,0.6360844784184692,0.7377377475768924,1948.8654229206443,1.748831957122544,183.58548031178958,2.023278936356058,0.8777605505058345,0.9201253755764163,0.9669585752827525,1.0390433000430368,0.31565451683551393,0.7588136449739475,0.06945416572439952,0.5709134979848838,0.7627865176014803,0.33888715585727863,0.9532818571295848,0.2584985534762437,0.1942820418129712,11.06734496487924,0.19512909591110417,11.081497624333283,0.2508958449879207,0.7491041550120793,0.014152659454042045,0.04225584525723932,True,ok,10,ok
33,126.71864358844883,0.277361429053599,0.015401323568196878,22.65494538348638,82.29764609166297,0.2806080119773952,0.018190630845988667,0.17921453897256012,7.701838200006848,427.08771553493534,48.775718270282304,768.4521057969059,61.51978010419509,0.9610196387054095,0.9379831203311092,0.5992125217372395,0.9907638934721307,0.3418774153554532,0.02216246718505231,0.521986818204056,0.6581225846445469,4000.0,0.4776439728790912,171.17140850624995,0.4504977299176695,0.8363650572796011,0.89617012316677,0.9326497947717098,1.0405361119672039,0.41759884169059813,0.5645628089345331,0.6303956020839019,0.3414104464743377,0.7762397250291302,0.11221791354879476,0.21602229334559964,0.08710800235645914,0.16803358237242716,1.0208698480034268,0.17042802771593213,1.026723003251593,0.1352534903369811,0.8647465096630189,0.005853155248166316,0.03742229171873493,True,ok,10,ok
34,96.69747098438805,0.1686018973835619,0.02976141175687346,34.605783185415646,63.79985649660639,0.23545530599087974,0.03843332941737357,0.16632926245959775,218.44577455593353,270.5368905431295,30.162598421941333,936.9483999283636,55.85517959601141,0.9653282702995573,0.9417586376104776,0.8554581944717945,0.9885358536805688,0.28243201468909523,0.04610132956179354,0.559782102132149,0.7175679853109047,4000.0,12.722579518372031,39.10389062109044,0.34578844168337874,0.8319471039390264,0.8864306430627578,0.9296737551177582,1.017936597639985,0.4340338324217946,0.6645140259308614,0.5171035919202283,0.3236043474158142,0.7357825031478766,0.1390559410497879,0.3532959660201753,0.10231492838319652,0.21385798214858734,0.7730597389696268,0.21761782473206928,0.7785948342705921,0.12250677168916715,0.8774932283108329,0.00553509530096531,0.03964685851795782,True,ok,10,ok
35,173.18289002504358,0.1511622332184418,0.013247959836049612,32.741248777332096,54.187541969417154,0.27646738228804896,0.04332164684773112,0.15786614460633103,80.47340872918214,330.4530013493815,106.57379719617212,560.8702238678408,65.69258386867799,0.9866324043821998,0.9179234026799538,0.5141498416859587,0.9835036959994987,0.32829386981338,0.051442708982979576,0.5223448262578889,0.6717061301866201,2110.2907828386046,6.604983563236576,160.55064302094712,1.7580737570358267,0.8755697255142314,0.9090343445012805,0.9471983602274527,1.0471499987857924,0.33208262241574416,0.9309636252866575,0.7138516773735597,0.38205393952047656,0.798184020704545,0.12512050524178409,0.25600298424923,0.09986918794647132,0.16153156628163348,6.955531985875597,0.16698193322790178,6.972320327174463,0.3196852039592193,0.6803147960407807,0.01678834129886678,0.035726886465657436,True,ok,10,ok
36,162.76034210295035,0.08578335453250983,0.011344535739064125,29.563312932340008,74.9512939161184,0.25214861290789686,0.04797249657033912,0.17437859278755974,57.08676916081734,257.873608553031,17.92481399227735,971.3979648022163,54.96845364406548,0.9711620021823383,0.925489873853967,0.3716984772955253,0.9688985412183384,0.30540464516203686,0.05810471500770491,0.5255002977342043,0.6945953548379631,4000.0,4.253542371441968,162.022380919167,0.557487863549765,0.827291575756391,0.8834808339437809,0.933716538401597,1.0370781779132499,0.47057986618061254,0.9335391666085422,0.49936907288130955,0.3642951472956267,0.7670987894172404,0.09673642182236544,0.2200119425354868,0.07420639207249205,0.12949215462341912,20.547844878027696,0.12666292020036957,20.710046456680345,0.8173108706586898,0.1826891293413102,0.16220157865264767,0.03625605170032397,True,ok,10,ok
37,85.73184828704271,0.12374912408167493,0.03289043933788223,21.65807556395804,46.26113649438873,0.24330488695442098,0.011773889104658552,0.10189451149771878,117.24730394080129,394.4206677232049,27.664652786232672,669.0725042958645,47.358375875081805,0.9604924949735969,0.9322515838664606,0.482106491026577,0.9225607823019575,0.2709090302522998,0.013109695080800796,0.6430267124432016,0.7290909697477002,4000.0,7.943319137916983,200.0,2.1423290696538304,0.81736681007834,0.886844352647561,0.9309221652845391,1.047654995698302,0.4605547461086976,0.4898149319685216,0.3471675175016361,0.376036154279683,0.7301933916247616,0.13415463285429832,0.36104714292024487,0.09795882636605477,0.16254491842332605,13.743970989255184,0.1604821793054943,13.779689069538021,0.46928597218403645,0.5307140278159636,0.03571808028283794,0.04039346448933489,True,ok,10,ok
38,174.22553013728765,0.22474836808681437,0.018419663153922128,43.36960864832088,35.5796299749089,0.2427152855860745,0.029545885586542888,0.12136075868651826,242.92218260403178,119.08639243203599,90.31364277909125,537.9076359395069,38.72412617727687,0.9746720152257191,0.9986610336509734,0.2826951305266368,0.9494434256672424,0.2762399790194191,0.03362686777154935,0.6063780701408643,0.7237600209805809,3073.8234482073112,0.3252646279389027,85.42124917951529,4.565948394423246,0.8685346230312306,0.9151694103064995,0.943354666311531,1.0391325798199542,0.3253410159428983,0.5730502509898343,0.17448252354553745,0.4381862818602168,0.750329831329852,0.15999646235237044,0.4191972623225182,0.12005011861022713,0.15392039023496673,8.172238438807437,0.15090508488156373,8.211074257528992,0.4748466675372303,0.5251533324627697,0.03883581872155566,0.042950200590690525,True,ok,10,ok
39,196.43376208787078,0.09178689327939572,0.035151001483903134,27.147505459921,31.341058270128396,0.25523613849359156,0.01484518553172437,0.10264629076322856,87.41093298722872,292.80378028161016,93.87056336417378,732.5389104076949,37.1294178186187,0.9990447372736,0.9935440752316584,0.38093307791544895,0.9040726437842043,0.28443203150146695,0.016543293217510278,0.6272723852114555,0.715567968498533,98.05417556932967,0.5643184072960941,181.26513503365757,9.004754970012522,0.9157807562313589,0.9553749482313645,0.9679131897823884,1.0750653122325586,0.18527373889798993,0.5045148499553195,0.14258835637237396,0.6480900468430298,0.8037783395286128,0.3562780675024048,0.8963166758592171,0.28636859350754595,0.15549684618328397,17.258196333015693,0.1528425739742765,17.291984828878103,0.4553467805504836,0.5446532194495164,0.03378849586241157,0.04041537974545712,True,ok,10,ok
40,181.99476430257545,0.26230722679038415,0.0150488381582055,27.87102883045642,36.7934954083012,0.2546075518718836,0.010415731168595687,0.0932706967614951,14.678522716853035,74.10946078470002,23.70779475773048,615.4618634572547,44.590660729382925,0.9951872991441815,0.9137084506547825,0.6231687131293862,0.9196985296180329,0.2807977540402838,0.011487145205735065,0.6417060201980256,0.7192022459597163,448.88396212683807,1.2666324673362204,27.9267634767858,1.9037707785596492,0.9450743476314739,0.966182110272716,0.980748991539376,1.019544132706069,0.08150034639200229,0.16624724850411543,0.2918132145876585,0.4140332056101601,0.7868359805304109,0.13623616714409406,0.3489392489119381,0.10719551815852821,0.1517100882180288,7.99030230195752,0.1491135217551266,8.02957365770189,0.4799673448753033,0.5200326551246968,0.039271355744369914,0.042549535121804975,True,ok,10,ok
41,153.90169412850298,0.15560824905236453,0.02411850112177505,71.94204878474005,62.70490041348773,0.27588154652623587,0.02736636175630813,0.09900106746502274,99.93974385091975,133.34487912670318,101.01356001482522,950.5054970575335,60.96383420122711,0.9815632841230422,0.9828230810279763,0.7236720190789483,0.9526702830277816,0.3061951979788011,0.03037335646926058,0.5977510242524333,0.6938048020211989,1825.2545523681583,1.7166568822120494,36.84692121524358,4.780943205857879,0.8968022496054667,0.9380544908936157,0.9465012429361048,1.0418172878920666,0.23720382666434164,0.44304980797815235,0.6192766840245422,0.49164400204151104,0.7923055973171669,0.19147291433946403,0.4338566649726201,0.15170506176578777,0.1568618304079092,10.566401969546058,0.15516067472767714,10.593506100269952,0.41995717231952223,0.5800428276804778,0.027104130723893883,0.03743609506672993,True,ok,10,ok
42,125.25615550139341,0.27210676386525434,0.027653228683713123,30.455900204736622,52.23931826035103,0.2795238839715412,0.03973236288381149,0.1357542715149379,193.00466812902386,452.93837997150365,12.418922582721132,946.2289680688633,72.92213617879122,0.9715363001137436,0.97157113028853,0.7974843478214548,0.9058151865710947,0.3234310274943668,0.0459734558983108,0.5449894816297094,0.6765689725056332,3864.0688426785605,5.486904563945518,91.72711141662276,1.1696739064416084,0.8383008355623821,0.892292692779724,0.9239855973758248,1.036776290716218,0.4253814503567338,0.7548361967642392,0.8584427235758244,0.4559478549320789,0.7533008457575063,0.18220894143573677,0.38115364887390907,0.13725814968812045,0.1637809893348438,0.5178003558296407,0.1618854847757466,0.5258831111170067,0.1790597213608263,0.8209402786391737,0.008082755287366065,0.037057241725576714,True,ok,10,ok
43,177.2114043449253,0.24221055615970827,0.021401138756589604,47.30703197757385,65.90472222372897,0.23792731198209985,0.020578028879683335,0.09767665238250964,49.593689359469444,448.10641481828304,40.89104804689104,932.4550500499195,78.3281148240525,0.9741335122962427,0.8526046257290291,0.5026341719559597,0.9077259879406081,0.2636829830573786,0.022805603926816152,0.6438180067557072,0.7363170169426214,2526.551927796364,7.309880404617267,200.0,3.773181060599997,0.847346565939205,0.906643433153831,0.9292795601064106,1.0681971512326212,0.3871417425908468,0.6239072883495851,0.9665622964810501,0.43263356878429027,0.7005672424682355,0.16014820686341616,0.44720310950335596,0.11219458766853602,0.14713477501546757,5.789784292143085,0.14284336193881328,5.825193535337759,0.4754474190822964,0.5245525809177036,0.03540924319467406,0.03906638076185222,True,ok,10,ok
44,159.04248208575368,0.1156622253442498,0.010673419732793161,59.147628620340335,45.11110760697214,0.2724338915218418,0.03558798108520881,0.11986028188621894,121.76209580760795,428.42740162436024,99.57290371389452,678.8567289989783,71.15729078451793,0.9925195694398481,0.9521208864171804,0.631702804219759,0.9326769144641819,0.3095348226139507,0.040434467792769394,0.5721178455067304,0.6904651773860493,896.6065155700943,5.829861215254623,157.78861061366695,6.703555113780302,0.8956847365751739,0.9315375441138531,0.9451881772141466,1.073648983474759,0.2629895696399746,0.7938407933675364,0.8231458156903585,0.3602792134350629,0.7927601240906597,0.08589932354923822,0.19161169386663152,0.06809755839619781,0.1209157286789162,17.36725423639386,0.11859305331100155,17.56130201541741,0.8482591211434519,0.15174087885654808,0.1940477790235524,0.03471224746690997,True,ok,10,ok
45,198.25666119361813,0.19032569481328437,0.03510193175803791,49.64604049602808,71.74763490971594,0.2531989904197027,0.026009971387715648,0.09128584139028462,220.58823669615995,296.5281819275754,112.02640639358812,483.8380626068783,44.46681069473529,0.9924503008254023,0.9579105468504217,0.8166414099343908,0.9006683677490863,0.278634362654901,0.02862283055819173,0.6295051968022971,0.721365637345099,689.1806413966875,9.284438253771123,54.37098935295868,10.0,0.9072271032143453,0.9444421445122234,0.9495096175082882,1.063942372680838,0.20060488777600327,0.4495075263213931,0.28933621389470576,0.6526601390938994,0.7753628743138322,0.343636838930506,0.889652679477218,0.26644324715327655,0.14179870174708809,13.17133322950976,0.1292598482167972,13.24379330346975,0.6371705987155776,0.3628294012844224,0.07246007395999127,0.0412615480138692,True,ok,10,ok
46,163.71650214991922,0.17256228930601747,0.024184884991666208,40.97587162151241,73.70485559729494,0.2834854894301223,0.031851740187828055,0.14762961901136779,10.670926787895459,31.37240105911323,38.3639019495791,737.4718813611626,58.090277289698705,0.9545984108682921,0.9484847520540189,0.6352812215558317,0.9311326824223699,0.33258486657093617,0.03736842679925647,0.5370331513706819,0.6674151334290639,4000.0,0.5497154392918457,11.44210379114031,2.6420190190787265,0.8563685036358186,0.9071999984709447,0.9277539465782685,1.0261625215799441,0.35554655004253244,0.4953317118369786,0.5618055457939741,0.5489322857851417,0.797181263747139,0.2237718969666595,0.4490545586499907,0.1783867636149762,0.14658367123534122,11.031028819818593,0.14294074639967372,11.064199478660596,0.4757552932125594,0.5242447067874406,0.03317065884200408,0.036551442656894,True,ok,10,ok
47,99.83994586274613,0.18264084273573317,0.021856305447158386,35.629909506037606,79.93685869033203,0.24859481259269137,0.03479035350307296,0.11554650894739438,186.7056547612594,350.39447306249303,27.918406119946255,470.3828657183691,41.7089137912417,0.9944304953798431,0.8555396847726179,0.470774077159354,0.9555964540546786,0.2810716618878781,0.039335424479661756,0.6010683249568414,0.7189283381121219,643.5368154255169,26.971557741546313,185.43783836475973,1.2396762288671748,0.8755166313235225,0.9064923046872312,0.9688965253541855,1.0386976224155464,0.31596256814701096,0.8270274067506729,0.23417827582483397,0.373869814953898,0.7621853840347355,0.10964576761380401,0.28045320884417363,0.08357040149651057,0.13995767740661152,14.449083685144846,0.13240843856687848,14.590511242552125,0.775752367232056,0.22424763276794402,0.1414275574072802,0.04088262736457497,True,ok,10,ok
48,146.54995029265544,0.14913386478349522,0.014596343819283378,47.49350839595567,81.6998690316459,0.24200358266421967,0.02478131420803673,0.14955865103802085,62.586376139466175,198.77900130665216,90.7849280814029,941.554847742545,55.401356179806896,0.9716813256510216,0.8511377844700427,0.9450737564398486,0.9128981105800233,0.28456234278777875,0.029139357156474095,0.5836564520897227,0.7154376572122212,4000.0,9.316746614112189,10.918183840412832,7.907538766746888,0.8269294088917739,0.8989199003196565,0.9089183323027998,1.051335963881719,0.42321631974359497,0.38060856962940676,0.5080271235961379,0.3665783630457807,0.7410166475697725,0.10428302946462818,0.2621850999547325,0.07727546089229859,0.1335265631285461,16.875569255532888,0.12854824454121047,17.036942228167234,0.8079386042133663,0.19206139578663373,0.16137297263434733,0.038361229683494605,True,ok,10,ok
49,208.4884456119975,0.10878542024674423,0.027946008034527084,22.409295900437304,88.07722411701795,0.25199874380537657,0.033759547613074696,0.12132924018948141,230.90587502241,469.24241786318055,17.084171040955297,570.8863650529848,55.71583748552948,0.9611733827573683,0.9745094938168625,0.5596485760025955,0.9909084400220478,0.2867954134034447,0.03842115745419228,0.5929124683920673,0.7132045865965553,4000.0,5.885907634981523,200.0,0.155321765692439,0.8266946187314513,0.88133799073685,0.9337331621426672,1.041062943822674,0.46302847371179445,0.8398670711749996,0.5143167497105895,0.605689662266574,0.7451893086022027,0.28599927132597813,0.7112247356132589,0.2131235992601394,0.1387457036805804,17.72452890446673,0.13073555343475882,17.82659399164483,0.7292883729626104,0.2707116270373896,0.10206508717810171,0.037886529990124346,True,ok,10,ok
50,132.01470334189202,0.14716287023575053,0.02296401117865109,51.69549591692814,54.0757486026166,0.2841532826917304,0.027502936369647613,0.14611543816863812,73.98159593426317,63.06302575733889,53.69025284627843,938.7184909775037,75.25095733962544,0.9940221606378404,0.8982034869497123,0.44325068363127246,0.9171617317150795,0.3327771637916664,0.03220919735410242,0.5422283427699839,0.6672228362083337,873.4546177036771,7.531068496003332,35.11029647854189,4.4476075695652275,0.9115596748824637,0.9446512312046389,0.9493479816521939,1.0456049652554575,0.19544243717686904,0.4654000035218435,0.9050191467925088,0.4365645193569705,0.8189961914487717,0.16298736756595436,0.32679193612446317,0.13348603329077768,0.17227869877538615,1.2794869416585581,0.17804626973689952,1.2838430690735059,0.11205982570515097,0.8879401742948491,0.004356127414947622,0.03451710291122972,True,ok,10,ok
51,185.55253979274735,0.10468904530246141,0.02037788756481477,49.82665402120939,61.140415770299214,0.2944008157828922,0.03657626353443751,0.11075793800520264,125.19734627581039,164.8493475750248,107.95617395200789,752.4000894861153,70.50594235606751,0.9825957929341661,0.9314902319697461,0.40569587965243326,0.981370035663927,0.3310693773554479,0.04113195393882696,0.5582649826774677,0.6689306226445522,1927.6540872273406,8.57724115135914,97.9706465004454,2.0112196705848002,0.8821447236045209,0.9183968000686783,0.9453290731441906,1.040954072270418,0.29584638131180147,0.6988054411680672,0.8101188471213502,0.5318324345138787,0.8100597769744748,0.20503638417060865,0.4142790771638726,0.16609172763289598,0.14620913416902115,11.047074356889247,0.14619077068724307,11.07636049445898,0.4603157785621184,0.5396842214378816,0.029286137569732744,0.034335704073874214,True,ok,10,ok
52,95.57552815595673,0.11138415497300434,0.02582436041735648,27.920339882405266,72.71656267959185,0.24435126201062188,0.019526075175838424,0.14476815430493178,228.453038963709,397.01882729988245,15.70248792761698,514.3718120553115,65.86977679911291,0.9569804535249314,0.8911633810602722,0.721905749814892,0.9401991311848147,0.2857134743527137,0.022831323779774707,0.5913545085086079,0.7142865256472863,4000.0,24.864056347315994,110.4086530873317,0.9390224206314541,0.8063633476582752,0.8715499183699597,0.9168160161648912,1.0356043207859023,0.48346091060999624,0.4674781313465233,0.7173955359822582,0.3528280344676704,0.7310179654080022,0.11708241858076733,0.29270721015836915,0.08558935141596061,0.1569915748562207,11.226268583022545,0.15531509219976908,11.260133163239125,0.47632433455727113,0.5236756654427288,0.03386458021658013,0.037231053072985514,True,ok,10,ok
53,164.56724684738555,0.12087349312650822,0.032371922445974234,66.3008632216278,77.46868044847724,0.2737750225440708,0.039173288369991434,0.16594317319542157,199.5345173774775,217.0844899472942,101.23701334025506,439.07973923060877,41.36236966582844,0.9685798741926247,0.9036917467334338,0.7117364878836074,0.9760074633822085,0.328245047274479,0.04696716951538103,0.5211085158905162,0.671754952725521,4000.0,19.21682083501216,62.577537498202744,2.428932749641921,0.8217853577855965,0.8756891448291653,0.9274236065006539,1.0260762422392713,0.46083371660796074,0.7175672903026563,0.22724739331656876,0.6452475157131267,0.7925354502719077,0.31295512029538775,0.6404640489927758,0.24802802717820419,0.1363640411958739,16.54807012647798,0.12737069948579705,16.63160341380889,0.6898498483059079,0.3101501516940921,0.08353328733090833,0.03755579826655087,True,ok,10,ok
54,206.13692971990577,0.23759117147310221,0.01581356630968517,21.928353661244163,61.34942877897784,0.27254821165976106,0.00926784511309894,0.15878293904506813,156.23968595743176,75.33567428156243,60.12699052043723,925.3863773983911,43.78520770466673,0.9950155132380776,0.8788222859258791,0.6849247914266633,0.9990396393084947,0.3239927294750419,0.011017186340203653,0.5594010041820718,0.6760072705249581,791.4514576892774,18.93276799198011,23.736403287276243,0.05774359819433917,0.9043806651430658,0.9395299513244038,0.9735746381359776,1.0093632615659298,0.189545989657419,0.15241468705342223,0.27570415409333465,0.5430546780123006,0.814468634335987,0.18756859290109154,0.3913598083781739,0.15276873570447475,0.12854499178912113,11.94461713925551,0.12139877279359029,12.055966701648572,0.7392936236971235,0.2607063763028765,0.11134956239306219,0.03926659176259747,True,ok,10,ok
55,89.47835175866832,0.09168161938853514,0.030533027241368672,39.76833388836714,40.926791709589274,0.2680047077279012,0.021061044851195924,0.10215339292024789,123.20481429891896,78.77727874560564,2.914546831629265,967.7592566173773,34.21758975580121,0.9909521240763636,0.9128401895418133,0.5704166372445221,0.9438607089422851,0.29849721056427114,0.023457286228097483,0.608780854500655,0.7015027894357289,924.2712243208829,10.738508261829862,33.84140831226291,0.163620592882176,0.9129159622044329,0.9427997343400463,0.9804776989085269,1.0075813501135709,0.18356046676249116,0.3421423804669572,0.08435179511602414,0.46723991080676464,0.8191218850854471,0.14934124295970988,0.3509691039189064,0.12232868045416131,0.13948260241108287,19.73961551320345,0.13438020524918212,19.858867373148264,0.751668714197513,0.24833128580248698,0.11925185994481287,0.03939763243445558,True,ok,10,ok
56,161.4347226918294,0.20231249395038037,0.012962142038389624,39.878124985328625,78.67578806721528,0.2354222443629311,0.028422241016315526,0.1712856534890364,136.78805725613105,221.93963566846878,24.575904109183522,428.5801323606998,31.04154840369713,0.9620805073352788,0.8628131041978654,0.30674587969243916,0.9045806118345714,0.28408129454268666,0.034296788918857596,0.5648698611317169,0.7159187054573133,4000.0,18.765528957773274,153.86056688672488,2.3450177337105345,0.8092379871741687,0.8711686952251139,0.9330614081181332,1.0352207930630402,0.49454738701078277,0.7020839239083098,0.020830968073942628,0.36231401722153983,0.7362189470790228,0.10999651821140632,0.277204330012263,0.08098152081996011,0.14253045213924037,9.424362033283426,0.13577430620413924,9.537866347842133,0.7275230924115919,0.27247690758840815,0.11350431455870778,0.04251040956841777,True,ok,10,ok
57,152.07952341335294,0.24778085660866306,0.01096366877006146,72.58943492584879,35.552519066676766,0.2668992179501011,0.02061536889093718,0.09500773819918172,216.25129759824512,243.939897957365,11.525327697877747,600.952618052773,59.28557008648512,0.9696816811987914,0.9088207933988534,0.294042752590952,0.9971657486950225,0.2949187846302751,0.02277960791611107,0.61747767495978,0.7050812153697249,2880.474895304557,19.71762174147644,172.21113889522547,0.0326656750680033,0.8343539906344402,0.8886120946797728,0.9393944708695082,1.0377092272442179,0.41597802160947334,0.5749172621192444,0.5857114017297025,0.32677021905954734,0.7366366406657081,0.08325902363768628,0.19905267699563875,0.061331647477572006,0.12635879644992537,13.287940888200955,0.12174133358287464,13.48781494810304,0.8376783959355772,0.16232160406442275,0.1998740599020849,0.03873070879181429,True,ok,10,ok
58,151.13864766434537,0.14588570477880042,0.030750542888656,32.11456973641003,57.642411101797045,0.24370497079863315,0.0243369203905708,0.11854439696378323,115.0572853751303,125.3180315249236,54.80756547758197,639.958040863871,77.5676672533323,0.990569679439511,0.8949881184458638,0.5083043280881954,0.9513787774687927,0.2764801425723309,0.027609921936783986,0.6134137118470129,0.7235198574276691,1117.9116640183324,12.082382023753633,61.618333713312026,2.6648108374792256,0.9024078459677342,0.9341122837333452,0.9482066470487902,1.0415938711457258,0.2178029078105979,0.448182068230415,0.951353345066646,0.45961686641887417,0.757246823337825,0.20622643572977853,0.5396731931226876,0.1561643133446569,0.18360631901141455,0.6757929041980562,0.18395722220154276,0.6779372551605404,0.05456450209025486,0.9454354979097451,0.0021443509624841737,0.03715502647776469,True,ok,10,ok
59,137.14831761385835,0.12248235606552053,0.01977820994303306,55.752186201190106,63.557451357572155,0.2906812385908079,0.01516353412973178,0.16869093045079891,66.98295422544356,262.37812076518156,29.2113908779805,920.5258645619269,79.74830365139333,0.972161599568284,0.9597121966611191,0.23898343598844007,0.9486969318759797,0.34966686788156587,0.01824054937588327,0.5254642968286614,0.6503331321184341,4000.0,2.698596086891934,199.6740959365286,1.4986339762104188,0.8233911126378617,0.8917953401777695,0.9192806482022261,1.0573436057320889,0.4524848410385642,0.5602032230873107,0.9949660730278665,0.5059654018265874,0.7821941536857573,0.15128368518712762,0.28136721509310214,0.11833321410140782,0.11554288429230185,12.297904628239916,0.11167900845505357,12.433495732786891,0.8083911998784873,0.1916088001215127,0.1355911045469761,0.032138460751801746,True,ok,10,ok
60,105.17378831327758,0.24142534294688628,0.030060778770992606,33.70224798333976,85.30036655084724,0.2981341128180812,0.029671621128429124,0.1700569008373534,175.79237361124973,174.961004735678,24.33102669273031,789.0210668479208,47.8399659844054,0.9560480702533412,0.9265807755271558,0.9270361134594673,0.9949592828991801,0.3592223528563311,0.03575139206334226,0.5021373652161363,0.6407776471436689,4000.0,12.90653973877844,12.765834898551605,0.12264582233055064,0.8386637266696952,0.8921376699015625,0.9342588096714164,1.0096640907401977,0.400324759304719,0.4752849949271987,0.3567993196881081,0.5206100747052633,0.7920398759548007,0.19915414808461354,0.3552494030893417,0.15773802674482132,0.14524886192444364,8.252604224063791,0.13710751217690956,8.286062072854014,0.4731935427403576,0.5268064572596425,0.03345784879022196,0.03724862914787696,True,ok,10,ok
61,105.33259071445295,0.08685942000031235,0.016428619109600907,28.585484606659495,38.58574814318927,0.287753719542269,0.04797485698954482,0.09420673581126135,166.91440808693338,302.11653261105073,111.651997045549,572.9101510418094,50.7104646842662,0.9844802716002653,0.8834545008322567,0.7382768052547128,0.9879532935638465,0.31768145217992066,0.052964466491714136,0.5700646876569248,0.6823185478200793,1462.0629532163366,19.453123008780054,79.07090410033292,1.3450388314180026,0.8821242092148797,0.9108455615307466,0.9576073027440186,1.0268700156458463,0.29828926691130964,0.7883740821755827,0.414209293685324,0.3778368541216218,0.8109814170694498,0.0955448904653018,0.20521201494946387,0.07748513066329582,0.12759049872026385,22.483840120054857,0.12511695525568967,22.64773011624502,0.8194173945878396,0.18058260541216042,0.1638899961901646,0.03611795735419475,True,ok,10,ok
62,101.38888558810139,0.18743687681584376,0.0292516175784871,23.561691075401576,64.742792579586,0.26399480877969533,0.008592314973622703,0.1206674890059156,119.67797468414209,212.0886716533362,116.09513854313457,637.0091054594884,62.24127208272395,0.9812430785849546,0.9004125151752738,0.30231035653737737,0.9698604938594526,0.3002218222106328,0.009771405999658879,0.6067453872407663,0.6997781777893672,2263.3506086348098,11.91842848771097,147.9720697082774,3.4990501410085044,0.8594899115948861,0.9141934112688437,0.9391311166838219,1.0525875699943739,0.3297764710400961,0.3525982262400869,0.6448254416544791,0.4270558519557125,0.7633112696317937,0.14943091366844874,0.3483041029540586,0.11406230043450256,0.15302758935895544,9.906252361930212,0.14923326491219668,9.940571294029956,0.4740816312934215,0.5259183687065785,0.034318932099744195,0.038071411322997094,True,ok,10,ok
63,208.89261445655586,0.24293211945325216,0.027352654306310703,54.84140351434077,43.36757971843916,0.29929579669618384,0.02991674840373671,0.09620362311246015,178.41619928452212,269.0532788456902,37.28294166564323,420.29847295766285,40.02122598035396,0.9723036625816006,0.9755942799265196,0.25016517742114286,0.9457581058277651,0.3311540125076486,0.033101204174731134,0.5745838317876193,0.6688459874923514,2664.488006595222,4.354375816312342,200.0,2.0222973762574274,0.8617177175298141,0.9049829428408734,0.9534392068904542,1.0441199772734286,0.3582588857717829,0.7662932492250051,0.20042451960707922,0.6807652942571489,0.7969883970708161,0.340079494812785,0.6868731675981233,0.27103941144749444,0.12709987933884426,9.60310241011679,0.11761970254895837,9.677819892968552,0.6536522943179983,0.3463477056820017,0.07471748285176118,0.039590205656728196,True,ok,10,ok
64,111.20039221016359,0.17807187214334222,0.03525088240520232,72.82454653006246,83.92582522678575,0.26062591142578856,0.01828419273226863,0.1263274510196829,8.97690314806636,289.79477994835224,34.36069651655793,563.9532409451537,60.22214835665644,0.9840164548181747,0.8932676315601636,0.767432939796187,0.9793753828294022,0.29831074780817013,0.02092796981387194,0.5947624448222599,0.7016892521918299,2019.160521077927,0.9581261342481455,67.39672003499918,0.7086762113691015,0.9037468122218232,0.9360535700187321,0.9570443276069663,1.025741748404758,0.2130484702332153,0.36588426812543495,0.6044429671331288,0.5462886039159587,0.7854233623059712,0.19743566835895335,0.464409973508148,0.15507058648161579,0.1287914332823402,16.83460289487718,0.11869182143552257,17.064479505741527,0.8605075959118006,0.1394924040881994,0.22987661086434924,0.037264099986401795,True,ok,10,ok
65,169.26205662712158,0.21987467459221333,0.03266412850115579,47.58255469069222,42.71028733340986,0.22774897122969787,0.02180035100478902,0.10488994338198296,247.9759691794414,375.93050473062283,4.925597608124293,687.4438958694207,49.45539469710331,0.9743734295890812,0.872550858877203,0.7961686946823974,0.9142156934392939,0.25443683661671607,0.024354939198378587,0.6455607343835301,0.745563163383284,2687.969519475668,31.604324291012993,76.62640548794805,0.42253897521001516,0.8303783718754123,0.8856970051681619,0.9396029045868659,1.0213888135780835,0.41167991555551703,0.42943047511340016,0.3891078939420662,0.5447068246423266,0.7057530468921971,0.2454419350597305,0.7192058664276952,0.17322139350352156,0.14478709412147697,11.417196431061917,0.13473886070124005,11.517840706837857,0.7040283770191617,0.29597162298083834,0.10064427577593925,0.04231058096160388,True,ok,10,ok
66,187.80559057088755,0.16823451645872323,0.01800035833060487,48.780794333702545,32.13004026944361,0.23963541421948706,0.02664674073394542,0.13765720176590107,25.863142853700392,374.5802669245373,77.88477930143651,650.5735998168033,51.847633837374545,0.9504560140985975,0.990958098863441,0.43485074645382205,0.9628486105795672,0.27788881023905015,0.030900403863188135,0.5960606432806664,0.7221111897609498,4000.0,0.2338519807638615,200.0,2.8935277657521343,0.8296863177911447,0.8908033008123893,0.9302786737936743,1.0532066923637105,0.4475534105807604,0.7358566491717509,0.4369526767474909,0.42693554296930963,0.7318707148260083,0.16270100758957434,0.42278858966917443,0.11907610272749357,0.15983275058400825,10.359279336845896,0.16101674828972107,10.3902175708506,0.4347048675529465,0.5652951324470534,0.030938234004703743,0.04023242985020583,True,ok,10,ok
67,201.177184138774,0.1595609833612428,0.016930224900352748,25.136227254610624,68.22485730012173,0.2648435781377773,0.03126627841605311,0.1176926335813112,225.18840521934536,331.04671041808626,32.344844196845074,471.89657201521516,39.90140864738836,0.9891800877653091,0.946223069739843,0.5605631715160986,0.9349374481276485,0.3001715595017472,0.035436945905783196,0.5861975098648584,0.6998284404982529,1273.4239660194244,12.1099411628767,145.47411650615234,2.1044381033603616,0.8900152856315648,0.9208615856270561,0.9667632112095436,1.03630387145168,0.2714549302117771,0.7031757642848959,0.19802817294776717,0.39621267260890625,0.793454043813389,0.18382519993831503,0.4285752561323577,0.14585684824586082,0.22227082239488433,0.8588583664089491,0.23321475305462164,0.8641178087224838,0.11492559351583446,0.8850744064841656,0.005259442313534651,0.04050444850169968,True,ok,10,ok
68,205.85808776390678,0.25337074385924757,0.02433095457437469,45.670950444648035,72.31570762389615,0.2622664638657615,0.04908649416240515,0.1351780570139929,242.033204761455,205.88930411764943,69.01700652984232,903.3407727119402,42.75410605563261,0.9542192965181701,0.8642753077021834,0.5068540717116715,0.9803770495158047,0.30326064919239104,0.05675907573866841,0.5534689849578405,0.696739350807609,4000.0,32.849882242102915,101.53347200373621,1.3543173017024772,0.7859429654453556,0.8537842999969978,0.9231350539460248,1.0271032497313257,0.5663327218810272,0.8276835760065384,0.2550821211126522,0.5939026715804422,0.7284385767519993,0.2706434912361076,0.6218016445137968,0.1971471595632224,0.13480480663789185,9.185701409799442,0.12382975121986886,9.269010451522016,0.6703145688568684,0.32968543114313165,0.08330904172257317,0.040974459775306504,True,ok,10,ok
69,82.9985806917024,0.15793434099114959,0.018445229857762244,66.10479767721277,44.741711936436516,0.2966646433631037,0.02514995175403991,0.08195388544707811,108.3937653067324,286.143095529587,102.47331673295307,668.5692972448423,49.706200842696504,0.9592938940237695,0.9513835094450819,0.8695973970625768,0.9773569317861195,0.3231478666053459,0.027395085448716976,0.5962315194357783,0.6768521333946541,3336.0235461726143,5.269724467246768,37.3138044696299,2.3203103008868395,0.8627009648049839,0.9118554452076499,0.9388508121152102,1.025081102511957,0.3286279832122913,0.4026779991338956,0.39412401685393006,0.36657918952045765,0.7990251805035186,0.08624950554268922,0.18065464099782944,0.06891552673458648,0.11908076084720084,20.382733731546963,0.11403361150526968,20.783060090829707,0.9147900244372676,0.08520997556273235,0.40032635928274357,0.0372892121474368,True,ok,10,ok
70,193.05746496776243,0.2131943216094312,0.03448569593571988,37.46722123835728,56.60744733676651,0.27102817435219223,0.013747202020250121,0.13393615397796874,133.16634226920456,234.23869575606025,57.959132444584704,724.867656814581,50.47791217552307,0.9773789635487803,0.8599649070294726,0.9035260791624515,0.9717109153050416,0.3129424875510826,0.015873196974326088,0.5812884696495889,0.6870575124489173,3029.7746212718066,18.647961120213136,22.597925391460755,1.6396108065711672,0.84950872678571,0.9048751696220446,0.9376460481665209,1.0197789077117843,0.3466540478271452,0.21757994461190647,0.40955824351046144,0.633695119325543,0.7753170075835681,0.36237136190270935,0.7955773868863418,0.2809526799443908,0.16240355142979984,6.083521290346594,0.15701918215051514,6.102877039967167,0.33034289941079453,0.6696571005892055,0.019355749620572415,0.03923715385970723,True,ok,10,ok
71,179.11526010493847,0.21482470575427826,0.019062711098119967,58.05619383044907,48.70819348127026,0.22673834334513243,0.028373461462975234,0.1695363187078694,28.866377705874775,51.917785511997884,20.116569558699663,644.012102667105,52.71557181879745,0.9848363402042262,0.8843152630009274,0.8443481474789973,0.9029080664878386,0.27302620024556273,0.03416580652729876,0.5753518764840229,0.7269737997544372,2570.7910599140178,3.339399313020015,8.081099493730543,1.9531566340860373,0.8907675803930775,0.9265092410125676,0.9489781562829079,1.0200641768220087,0.25434882067863324,0.44515839736390495,0.454311436375949,0.42338543812334667,0.7521646983599546,0.16102481744887984,0.42875307677538277,0.12111718324490345,0.16495118930412567,7.689298728392679,0.1647461772857471,7.714976643495548,0.38388161366231205,0.616118386337688,0.02567791510286942,0.04121227757371298,True,ok,10,ok
72,155.6635487024798,0.12440643767937945,0.015088113335180245,38.79968075509697,84.02583585569138,0.2570180330587057,0.020222650362590782,0.16224521587897806,145.01471183438838,238.18909955159802,90.0260337798711,605.1756213080766,75.81744176096115,0.968284807650302,0.9010444441960941,0.8780757269708928,0.9874582040113902,0.30679387086803783,0.024139104599454512,0.5605141006997254,0.6932061291319622,4000.0,14.350011409315155,29.041032806286243,1.1290881493308402,0.8349664412907354,0.8924118597132207,0.9165290089668693,1.0283285723719817,0.39860159185046123,0.3431711263396272,0.916348835219223,0.376968648068712,0.7589273351846133,0.11622333930193196,0.2626086724755245,0.08820506918267236,0.1457800901523681,8.963381989568905,0.14588931985934336,8.996419273549181,0.48340376956341113,0.5165962304365889,0.03303728398027578,0.035305757717792874,True,ok,10,ok
73,93.66240831556291,0.27633507239802046,0.034792617092523286,26.929042291972024,88.68748974009569,0.25001301366894985,0.02312344341646457,0.08585998124905392,96.72681492176895,258.5953350755209,5.682771503982735,762.4530655108169,54.59388328766775,0.9899695325537807,0.8825218487439889,0.8104413327416113,0.9679906429193773,0.27349531640739266,0.02529529715596497,0.6410035616655316,0.7265046835926073,861.2157468516324,11.363287393891767,49.018987076152186,0.18190186227857064,0.9147519682907255,0.9408602354783207,0.9707105122367391,1.018099910687883,0.18135394892323323,0.39412244337001595,0.491877665753355,0.45799553714372676,0.7548279935362526,0.15306554131719952,0.40659867278289286,0.11553815543200209,0.1367310176532899,12.351512473747704,0.1243434626241161,12.488113445879131,0.7674377167318804,0.23256228326811956,0.1366009721314275,0.04139519505350087,True,ok,10,ok
74,147.66033590726096,0.15407893709804013,0.027613203405636402,53.70906503628878,38.018286680621905,0.26132964165810135,0.006304119517793022,0.17549184837677217,214.85959365700447,280.6399168763809,73.63373519431619,493.7031913473204,57.594237360260585,0.973874610788953,0.9970920244690079,0.23458959358404854,0.9487796146278545,0.3169521625027185,0.007645915331924809,0.5568743904473334,0.6830478374972815,4000.0,0.6248064409534724,200.0,3.7715482930433852,0.8300473637253283,0.8977362530130875,0.9245758332202628,1.0598954364093212,0.42056021881932576,0.4142520205478963,0.5518847472052117,0.5687286458474596,0.7723158358620974,0.21993370612492436,0.4739681886855834,0.16985828408011985,0.12880485750828194,15.53634266956404,0.12385936944219736,15.643703901744667,0.7449993969677721,0.25500060303222793,0.107361232180628,0.036747920951038675,True,ok,10,ok
75,137.7042949634146,0.25451972113375626,0.021664766587649327,30.674420213284698,65.7878770726297,0.2592850692868238,0.040635491883028646,0.15175207326729956,172.8666224237465,230.65185244103026,47.99193982939378,794.0179493092937,33.23430330679201,0.963469848631314,0.8767438416758071,0.8318476088164937,0.9071227287216905,0.30567132687909254,0.04790520625207928,0.548327365562848,0.6943286731209075,4000.0,21.30687578242977,38.7846605188645,4.457360414706911,0.8113016555215528,0.8751564904162212,0.9243573292112683,1.029398222474081,0.48730747824854936,0.6889026040750668,0.06468606613584015,0.48183488509659794,0.7498351379481119,0.1675326299876251,0.380548315968723,0.12562185271758086,0.1350937089885755,8.09652428407692,0.12562501561825867,8.21596281778867,0.7408004191818434,0.25919958081815664,0.11943853371174877,0.04179049723785487,True,ok,10,ok
76,149.99577665625245,0.16578315969484592,0.031036777430237784,50.841145402722475,65.10061965217764,0.24312413658006457,0.01569591700261697,0.17391413403159,188.54551582799093,117.39532752237956,76.52900369417522,739.26990640043,69.90713081479268,0.9515278535218462,0.9531895138706963,0.6116041437494912,0.9686925438288421,0.29430855386328786,0.01900034566529818,0.5672658123857284,0.7056914461367121,4000.0,8.825907253408584,45.59585875286353,2.3959284289777742,0.8372221783070708,0.8993015367605173,0.9184456956789661,1.0347818732837353,0.3908993364098251,0.3010741290397201,0.7981426162958536,0.5269665222833463,0.745043194339019,0.22480284440382017,0.539031034880047,0.16748782929111963,0.15034607895298427,8.821389621631923,0.14582118381832462,8.853829953775584,0.4658025493245282,0.5341974506754719,0.03244033214366091,0.03720362362837907,True,ok,10,ok
77,99.58528718771981,0.20102059276010148,0.010750529051675735,71.72716948910112,31.296185256097488,0.27932980771731547,0.04182364396405186,0.1401162109787767,60.1627423455656,147.3878322870557,62.08846283712329,589.5573670114456,33.61751211195156,0.9861943390013911,0.9868206839001364,0.6194166264443046,0.9468221886483044,0.3248459981264063,0.0486387166475813,0.538730337339856,0.6751540018735938,1934.3969091825554,0.7929037988068557,56.0933584328687,3.3017285638693075,0.9022072246046509,0.9298180329042168,0.963709644988231,1.0263696514290575,0.24397109729127836,0.7293371181283255,0.07235024223903125,0.28181616164346784,0.8211228134823524,0.06381207830055641,0.13262586050306532,0.05239755326830905,0.13353058145165214,11.735283313284938,0.12925802810122541,11.89536716430417,0.7975382067142068,0.20246179328579317,0.1600838510192319,0.04063863433825897,True,ok,10,ok
78,145.16446402841652,0.24959126139180954,0.01241569809130171,62.367408065057354,52.48011874955778,0.29868906886709545,0.01050945649063145,0.13160186188136713,205.86995610659454,275.54875560786564,44.63414144459431,836.2387582677311,53.03852105509978,0.9876617903614409,0.9810732269510326,0.5984082228754704,0.9285780944437001,0.343954064104973,0.012102117714577297,0.559199612760906,0.656045935895027,1623.7313607170124,3.896453936830394,110.65811444901547,3.1878554348423465,0.8921806585865178,0.9368027195378019,0.9566723041905452,1.041753402763604,0.23997808694597578,0.3195320516575908,0.46077042110199556,0.42080254046911847,0.8154480540303064,0.10697269703299181,0.2040359759168481,0.0872306776299267,0.12006530858888347,13.794258855543188,0.1147323782595115,13.972007954270012,0.828209794341866,0.17179020565813397,0.1777490987268252,0.036869346914804646,True,ok,10,ok
79,196.80194002244093,0.08545348229399109,0.02219009972228706,56.843757468422595,45.98766487737312,0.2811613676697008,0.03110067008710627,0.09831047988425985,223.38094110027487,252.4279486657004,31.144098016187716,701.8428035990902,32.755274811029594,0.97116960919586,0.8917639761238325,0.5837408681788081,0.9670121093311613,0.31181616443053606,0.0344915510198169,0.5894274823589332,0.6881838355694639,2834.329555205752,24.177864874410112,105.07543875898884,1.0273781003375957,0.8339815183679884,0.8867046866966777,0.9480221764161955,1.022000316239948,0.4187322142608416,0.619403468102294,0.055105496220591875,0.5842716038984157,0.7934488822606192,0.2505589982492319,0.5529881773977492,0.19880575710119347,0.14145681218115486,17.739560135315003,0.13732834543269093,17.812097112001183,0.6503286976681557,0.3496713023318443,0.07253697668618016,0.039001968075555886,True,ok,10,ok
80,122.96195489085106,0.16312736618354345,0.033500600709222,40.63242151217998,50.683487891194034,0.2263858536040281,0.03967755101173507,0.14330616134821716,99.79749120970283,34.971369192726826,97.95415570403212,952.9826362784186,60.530782052488604,0.9759979289358611,0.9174558346294183,0.8477930016968342,0.9577479049354936,0.26425526061947824,0.04631473838329151,0.5906304340360197,0.7357447393805218,3439.6446686088602,8.237700617982886,5.322887131376755,4.1387682987702314,0.8509993904596611,0.9037520628097322,0.9252038954108428,1.0337045873845532,0.3760983591472478,0.6083486684190472,0.6106156410497721,0.4952284320350231,0.7255842478599498,0.18362233939647976,0.5112449603727834,0.1332334770212792,0.13580090873437706,15.87263996961492,0.12767215965924175,16.062569127598277,0.8297416338358106,0.17025836616418943,0.18992915798335638,0.03897240635701948,True,ok,10,ok
81,108.03820996591207,0.17695816592971575,0.012329179511645989,42.46084709374627,49.99122572431224,0.27609714226840987,0.037215425049335504,0.17498323877140054,203.19734440118788,209.50578471889122,66.94674761169613,841.9496577545628,47.19676218598815,0.9598462095222542,0.9481574990990638,0.35970889358567093,0.9336152210939046,0.3346564036556678,0.045108689663365134,0.5117041939108541,0.6653435963443322,4000.0,10.534258510186431,134.1446906978611,4.444245038684618,0.8150200386080796,0.8799787642828962,0.9228017545358589,1.0492216336724975,0.49080589268950503,0.8171074274699237,0.343935243719763,0.329136612404707,0.7825819361166914,0.0783249402228308,0.15572090311749362,0.06129568336580705,0.12493605462886419,15.350559219610203,0.1210258483934703,15.522686604302972,0.8231664031064322,0.1768335968935678,0.17212738469277006,0.03697661182992897,True,ok,10,ok
82,135.78749433452126,0.25768897436077026,0.03191399080448994,34.473246474947985,89.81543975191654,0.22263532409187747,0.04652986976167001,0.1594183154717596,0.3685948225115229,69.18077465003483,7.416886737467235,845.6800261259356,38.1292699804756,0.9966009405891623,0.9929041280513622,0.8058735348058061,0.9237009147684461,0.26485864275858817,0.05535437021541098,0.5714164906746929,0.7351413572414118,541.8723254641834,0.002615501661472648,13.429819242207357,0.5659016733347945,0.945700909464524,0.9555256638167396,0.9874629481706247,1.0080956892451955,0.12096302860374689,0.6735021836738629,0.16258539960951196,0.5259515568557348,0.7717721923196289,0.2075460896783901,0.5760646980109624,0.16017830063845745,0.14437123163413804,9.69304294137287,0.13008087947920013,9.788741958038202,0.6852954870133693,0.3147045129866307,0.09569901666533179,0.043947338051527465,True,ok,10,ok
83,155.43571976891877,0.2706278536157944,0.02963046119393553,60.12764360926554,57.38269716588129,0.2544683883232368,0.012251698704945215,0.12749115225965868,79.39306139016517,436.2577392082855,101.06144343537862,679.7104295250317,43.4819549231122,0.9821524365408089,0.8750165770990168,0.7065644163006728,0.9939466715037977,0.2916513557223739,0.01404191915838465,0.6057887607121593,0.7083486442776261,2275.406430439658,9.922816567130734,128.0135443479321,0.6117581154147169,0.870686676121992,0.9171400116470225,0.9580197595281387,1.0276536041985085,0.3030571458847757,0.37673109522483905,0.269639098462244,0.5772632185136548,0.7586601782978935,0.23878564369417624,0.5799509711339712,0.181157159020001,0.13266356125115528,10.016975451050762,0.1213740744201092,10.125247386304336,0.7217091912995237,0.2782908087004763,0.10827193525357448,0.041749619908578735,True,ok,10,ok
84,90.12206918574506,0.11514129301262371,0.010343407679898988,37.65592547537205,62.05347842313329,0.28600238120356636,0.03854734118291673,0.12969687967369173,140.20938898057815,463.4658095219335,41.11889195861383,552.32150237048,39.21190294854267,0.993004769550069,0.8879001900564301,0.8601450319418766,0.9498221178680014,0.32862387198650245,0.04429185680555061,0.5457533979398251,0.6713761280134976,907.2595619544454,15.717445857026881,64.8179959867223,2.0632589140977093,0.9036008795042366,0.9270842474787433,0.9700048043304915,1.023723755147914,0.2312190272092697,0.6844890870960809,0.18423805897085344,0.2539160341235329,0.8359824721438278,0.05520082402976351,0.1127748732197375,0.04614692133677811,0.13559395019214288,19.632260753202786,0.13220879430445018,19.810518651786055,0.8184495459872128,0.18155045401278724,0.178257898583267,0.03954159737497508,True,ok,10,ok
85,107.26577639755664,0.18068920306799452,0.020674010232453167,70.69305530371969,54.9714228215045,0.24531660125546137,0.014131112507246534,0.179916745546963,195.4481848372073,480.74613670409695,35.616159216872944,442.6927962524911,64.19903246680424,0.9811597948820076,0.851751839998246,0.6928086711861359,0.9534075799815838,0.29913621565054127,0.01723131454095039,0.5606355406903291,0.7008637843494587,3389.6683902664367,28.974833777798697,147.68104455626312,1.659443049675331,0.8086760598448924,0.8736264185720808,0.9210638828503421,1.0441289849185378,0.4735407109067524,0.4552578801355403,0.6839806493360848,0.39134672187806063,0.7365374763570535,0.11068407732553036,0.25932821652134497,0.08152297098625509,0.12679095226581383,14.407323792280486,0.12160647287437266,14.586928586622742,0.8293212535316146,0.17067874646838543,0.1796047943422561,0.0369636266133385,True,ok,10,ok
86,190.9764167218587,0.17120645736223133,0.022279048966834678,68.46983080496253,49.47665497790402,0.27875231074498463,0.045455883801372055,0.1523668726167789,12.735260164579488,358.42098100472606,74.02967909423063,666.1453684835969,56.32331371469782,0.9657119978987648,0.9814534875062138,0.2796556434442607,0.9215196275213439,0.32885962303707683,0.05362683728714288,0.5234249328368644,0.6711403769629232,4000.0,0.23619466175399179,200.0,5.809876789790603,0.8235714527537137,0.8847047566728075,0.9192906154424023,1.0695787094348321,0.48329861895275295,1.0,0.5264662742939563,0.6023864733295347,0.7748453579164317,0.23904321139027454,0.4878420449469679,0.18522152268719053,0.12225802887615504,15.49146459060577,0.11628527237961941,15.633737519097052,0.7967552867422416,0.2032447132577584,0.14227292849128245,0.03629247403400909,True,ok,10,ok
87,218.92492540438815,0.08847930719810432,0.017759586493603548,63.92970167626922,36.71237959185705,0.22130503144436417,0.004433858036067727,0.12325158249609511,235.00495150744752,438.3635199898265,116.69879744738788,769.8306333393052,64.8998057835991,0.9558172435561229,0.9429504128893379,0.7841926284894578,0.989101287414606,0.25241566112479297,0.005057161150847448,0.651009528023473,0.747584338875207,4000.0,13.40693545246105,94.60207901511347,1.27186665244019,0.823556842205701,0.8931245819900887,0.9220310294246493,1.0345095674279077,0.4196510823520345,0.19400373929880688,0.6979961156719822,0.41596167943891194,0.7118492076556244,0.1634080253375774,0.48396870481225807,0.11632187336112466,0.16332377456978692,11.677277727785892,0.16600142928994618,11.707882340903804,0.4415048373157637,0.5584951626842363,0.03060461311791179,0.03871424939779698,True,ok,10,ok
88,140.53030121474893,0.16672750543014758,0.01564140314641205,52.633118568321514,45.181798872797884,0.27807620830162827,0.03435598728009691,0.08363978355327367,34.98588094505282,304.11063007051763,4.054279124297169,806.8032856197675,44.512979352471596,0.9625261079030679,0.9509126915738525,0.378638193599539,0.9363953862609787,0.3034573122127619,0.03749179270714688,0.6039280208650011,0.696542687787238,3134.3082238861325,1.7173627285102846,188.9627304461992,0.25787085769109885,0.8528695568167173,0.9009343812373608,0.9519323635878592,1.035438955596374,0.3897635650679287,0.8076989327413906,0.29025958704943194,0.40785343807574537,0.7729534363079418,0.11819154353929447,0.27129171747511555,0.09135655972123738,0.13263703992146295,15.590655940571612,0.12815343865146706,15.733091391028067,0.7851444957873074,0.21485550421269262,0.14243545045645536,0.03897759035411232,True,ok,10,ok
89,160.5071322569711,0.2636321636565541,0.02672686840771788,68.26936481715902,67.77945284706989,0.2774083325495209,0.011439393488668455,0.08900444246495964,54.367327843678005,28.40989295334533,43.939769370168804,781.2050723703524,68.8907621480119,0.9584662672535289,0.8894387160234863,0.772111688974608,0.9032777308217281,0.30451118038394026,0.012557024448748151,0.6221478314968509,0.6954888196160598,3696.686726588297,6.010921572769102,6.474282521550053,4.2499542006526525,0.8511425777253668,0.9133385046972885,0.9185907114552978,1.0377772182407006,0.34014516334878586,0.14350160912944235,0.7778152429602381,0.5632235100178266,0.7492764520980509,0.21496982526448455,0.4909806918674044,0.16107182798231093,0.12491024683770655,10.778085793437064,0.11539963259972864,10.892043327195267,0.7507100461882589,0.24928995381174113,0.11395753375820344,0.037842131554422204,True,ok,10,ok
90,131.73093816652064,0.2665716490303781,0.032297458273757344,61.63404900281628,81.15563250249853,0.27333586202980187,0.043999530588399234,0.15769321592098468,31.239066442294877,319.29503335245727,95.19983478760841,699.6856607023933,61.4428831436778,0.9779185700883544,0.8973321478626339,0.26093085961323287,0.9259117586846933,0.3245086792559428,0.05223694195519113,0.5249713914608143,0.6754913207440572,3482.091694901225,3.2072478544068845,200.0,7.053188332921659,0.828234260418157,0.8887595647584731,0.9179892233159274,1.0778430949220796,0.46842813604729605,1.0,0.6288576628735559,0.5919901827617426,0.7556233641359199,0.23226055727387251,0.4834693202949385,0.17550150364336706,0.12095865524747872,11.949426718255951,0.10894481936304222,12.144043696265625,0.8397507947880559,0.16024920521194408,0.19461697800967354,0.03713865618272133,True,ok,10,ok
91,214.0095991989081,0.205391894697048,0.035853628333387934,32.03442106002398,53.44276587487658,0.2646787417154883,0.026329136439181878,0.15082146479153474,87.09377788759035,444.6224913449143,58.955989121103215,508.5829581821534,57.341299802279195,0.9522343032996864,0.905843607116417,0.8292284355846151,0.9253520611670837,0.3116879793134575,0.03100541917574297,0.5581706570537951,0.6883120206865425,4000.0,8.200435968499471,75.92887842123693,4.400943069746193,0.833876180613481,0.8932186674603128,0.919026302905372,1.0443305670328282,0.4152060750786908,0.5201845258378653,0.5468259960455839,0.673640806731712,0.7608971989767341,0.40732034554971625,0.8995004899759408,0.30992891001501455,0.15015145761991197,7.942430926232477,0.1430250805741805,7.969130770194125,0.41060307156130804,0.589396928438692,0.026699843961648363,0.03832607963927081,True,ok,10,ok
92,175.7974990833223,0.11606469236830971,0.01932108304536853,52.210566750137986,42.063078757175774,0.2751912674545986,0.012903245668073226,0.10038831788478732,211.5556681878705,484.5695049000319,62.88435021113854,796.2684854110717,77.0418128746987,0.9914211327654496,0.911792078246329,0.6738445359922156,0.9707603300788686,0.30590005990979896,0.01434312817918778,0.6115171689925409,0.694099940090201,861.2180510334288,18.660885826061264,158.04499171469226,1.8387176433785182,0.8817097343879698,0.9243309754892226,0.9508672720815666,1.0517170621239758,0.2726019813769017,0.43345178478735097,0.9408362574939741,0.420578831849246,0.7814236011880833,0.16700422123197114,0.3789395137291003,0.13050103996869825,0.17978809035889654,0.7281919296163077,0.18880636609628515,0.7319256902300345,0.09576063601686992,0.9042393639831301,0.003733760613726747,0.03525679718780018,True,ok,10,ok
93,194.70893164685862,0.10646454323714626,0.02606051231007126,29.046969895538,87.26902037770193,0.28897835193496024,0.003936637991408941,0.11323045745445319,67.87696398659642,337.15676278914526,64.92295535601376,895.5055152716313,51.0505830388319,0.9933560379362386,0.9642135945966344,0.5167812748722022,0.9753613590903168,0.3258776244224892,0.004439302211607865,0.5938545526191776,0.6741223755775108,752.2988637897349,2.429072550773989,162.92046108318613,1.5996133838122135,0.910813185595735,0.9489277784767058,0.9740575962563888,1.0408563692970718,0.18820074977081266,0.3050160502475993,0.42101166077663804,0.6408969162822657,0.833256021996042,0.28709080859584224,0.593886549406617,0.2392201451221986,0.13403823550767566,20.084297817115548,0.12667416031418238,20.17331597992047,0.7098489403736128,0.2901510596263872,0.0890181628049238,0.03638621232603169,True,ok,10,ok
94,174.7535328903623,0.12818154312385477,0.02064067687711958,69.96096659659204,35.17598341969829,0.24011250950317434,0.023528323862355392,0.15487512222521688,192.31488287168864,410.5710008197841,9.914291058725592,931.7295434175344,63.54275057626686,0.953352097532679,0.935494077966201,0.20578523752784536,0.960394576762439,0.284114828255194,0.027840055926770912,0.5814840444092534,0.715885171744806,4000.0,12.405448840460336,200.0,0.3926596934811938,0.8083671175812046,0.876565511525987,0.9258479212111929,1.0453803986979129,0.501627492344018,0.6935326883489594,0.6708550115253372,0.48411202240124623,0.7269851336304105,0.17132460926365398,0.43168724448503165,0.12455044395971535,0.13272563718764416,15.393894632487793,0.12950734885580903,15.512966203221305,0.7612047924907342,0.23879520750926575,0.1190715707335125,0.037353575177483465,True,ok,10,ok
95,110.49637434603741,0.22988818484127022,0.03366514211837745,43.86192027781043,46.310694694349614,0.24100217551028094,0.004005745072107228,0.08724135513509923,103.90858102222602,456.8905860095874,52.2620744570771,532.8850199149833,52.32510836946656,0.999476337527635,0.9025354883074466,0.6675964069682168,0.9637674688904407,0.26403713277999374,0.00438861367640087,0.6677507242825126,0.7359628672200063,45.68502372252048,10.127399109997384,151.87207241198385,1.8935872386161485,0.9225511366983584,0.9510250939378924,0.9775219217478881,1.0411787904026648,0.14929348404831216,0.2849803584158774,0.44650216738933124,0.4817301292052296,0.7585876359083664,0.16985777206771344,0.47345239525350835,0.12885200575350889,0.13862556714833998,13.875356291242799,0.1288162794913444,14.053288033486623,0.8119092862768784,0.18809071372312158,0.17793174224382527,0.04122050204168566,True,ok,10,ok
96,120.72534899192368,0.1333280830258149,0.02876947941128854,29.732659925126335,67.12265634116429,0.25081264289415306,0.006007239462963598,0.11652719463317913,55.200617771006314,101.63504431316534,43.10499503195793,546.1152343015264,53.605052391522634,0.9508864953369184,0.9649571810532509,0.5282501991707083,0.9165201725125086,0.2838940161717992,0.006799574844264021,0.6266529230097042,0.7161059838282008,4000.0,1.934385254298075,47.946311912011986,3.598397549117021,0.8499740261645581,0.9115747569714803,0.9264350885297385,1.034625955488996,0.34386546710583943,0.13645335752201276,0.47210104783045265,0.4469202185424457,0.7567490497356282,0.16985334946925337,0.42844509922529805,0.12853636080527106,0.15906835133881259,13.320109415170718,0.1555368790096605,13.355018532080392,0.47175430134788865,0.5282456986521114,0.03490911690967394,0.03908939632048037,True,ok,10,ok
97,161.60474952280663,0.21537384319728625,0.010828598017966148,71.05114091835787,89.81377149855389,0.22983775463764808,0.021619930536321434,0.08926271975241236,227.42769771093054,277.2515317032943,9.37164582353515,922.6583158492639,52.45367821460435,0.9702422718061616,0.9428213862761391,0.38700723406048576,0.9347688075086781,0.2523644959116703,0.023738932187385552,0.6592795950736181,0.7476355040883297,2656.255752235055,13.004000477520302,169.9531832797693,0.6113236326755145,0.8451449392466955,0.9002870366466866,0.9472339928529729,1.0375310669411848,0.389977591652267,0.5842330903523751,0.44907356429208706,0.28088055469123474,0.7080228469820784,0.07634401943995954,0.2261708773729447,0.05405330999393529,0.13838902569339914,14.381479118971498,0.132418484077942,14.569927953253803,0.8196298056173236,0.18037019438267643,0.18844883428230388,0.041470615926524484,True,ok,10,ok
98,165.16559848762108,0.2206541181342796,0.01233424108835065,44.71348662562096,66.69781508999509,0.2593458843749842,0.0462054364315248,0.14247118536352424,38.044486915544816,338.43383276713075,52.18272504752606,926.6562651565116,62.8531409383026,0.9507725260492712,0.8810960453998754,0.7736622418218995,0.9580147442501489,0.30243401731628844,0.05388208027868106,0.5519774938299667,0.6975659826837115,4000.0,4.5236399449909745,76.60035500013456,2.190905056844544,0.8371643334261902,0.8916854145687478,0.9247388943878195,1.035585834909564,0.43058340020585495,0.7840506212502355,0.657062818766052,0.3795241128206778,0.7452990885191035,0.1032117270059841,0.23805850417321647,0.0769236060620425,0.12576076487379925,13.750813019744562,0.12060561019188233,13.92675830543268,0.8238604264990971,0.17613957350090292,0.17594528568811785,0.03761672072573273,True,ok,10,ok
99,184.8402195476604,0.13960197649260558,0.023803770362787444,29.70866552048095,36.94382300621657,0.28598055650052256,0.025994517001536478,0.08256150554611758,156.21941355755496,245.05027689620425,116.60517922504212,870.8417702167616,32.015665018101195,0.9659884221499729,0.9652068412214992,0.9185236024537753,0.9198044148756617,0.31171632564944457,0.028333798024258904,0.6054634209518234,0.6882836743505554,2808.0470732972194,5.435366860192283,19.965813779207583,9.351220576480593,0.8605388720456628,0.9210032492587873,0.9331202339151963,1.0505572409565247,0.329862833114799,0.38530121061932154,0.04031330036202391,0.5765052118104479,0.8003463761474958,0.25297396222367485,0.5585778924846626,0.20246679392539166,0.1487300205657872,11.323225845241168,0.14574191338130468,11.35853815539108,0.4669058306980787,0.5330941693019213,0.035312310149911444,0.0403181656938265,True,ok,10,ok
100,90.62164573936617,0.276635073149036,0.01367400918235484,43.39940306629393,73.43264729570213,0.2793951928395328,0.0375639716802702,0.15792466485301576,70.92413420822606,426.2180272120118,94.03401778561198,907.8030156057066,50.90241123637806,0.9553517907241476,0.8937400921455302,0.7793773474518926,0.9669766348427193,0.331793583279297,0.04460880174540846,0.5251161706271812,0.668206416720703,4000.0,7.536391965624152,94.03335172733547,3.1053197065404885,0.8277849037521603,0.8878967700578718,0.9264646392793774,1.037992565786354,0.45155569294337555,0.7399992407252944,0.41804822472756115,0.3175092939314488,0.7692612875837372,0.07141513359662391,0.14382451296552232,0.05493689762350352,0.11808763637758485,14.610626111003366,0.10951831948956599,14.725034967187485,0.7459959718073057,0.2540040281926943,0.11440885618411811,0.03895504993315307,True,ok,10,ok
