sample_id,tADS,PL,v0,t_press,t_depress,h2o_ppmv,sox_ppmv,nox_ppmv,dust_mg_Nm3,co2_mol_frac,n2_mol_frac_effective,capacity_factor,affinity_factor_co2,mtc_factor,dax_factor,deactivation_index,CO2_purity,CO2_recovery,n_CO2_feed,n_N2_feed,n_CO2_product,n_N2_product,n_CO2_dynamic_product,n_N2_dynamic_product,n_CO2_available,bed_y_CO2_before_blowdown,bed_y_N2_before_blowdown,n_CO2_void_tail,n_N2_void_tail,valid_physics,status_detail,n_cycles,status
1,121.23163934889332,0.2422831363499956,0.011761124429544514,64.86467400162229,38.00855517074108,27.90615984075618,0.9886937415215659,7.974843291810111,0.07934810478767279,0.1830069042680111,0.8169863480741185,0.8404123704536625,0.8957451062748614,0.9451574349555028,1.0589455360533957,0.5228486275764733,0.16389763413054598,0.6379359105959,0.04690353862923723,0.20938083215766262,0.029921451625612428,0.15264037597087204,11.255813985178666,0.1495939017822516,11.46073953021693,0.7990464356879732,0.20095356431202682,0.20492554503826418,0.051537078265755404,True,ok,10,ok
2,163.80690167126866,0.33839274220963134,0.028594286171293358,59.693324310476974,65.95404137618112,9.681632686603562,0.8841487758933129,6.019090779199533,0.08709083685977699,0.2355618572534414,0.7644342359184568,0.8666244140209284,0.9130902218930663,0.9520024067276255,1.0563611574837286,0.4159821194509332,0.49051605908224727,0.6927173564815187,0.19832658197052355,0.6435894016351037,0.1373842655826363,0.14269681033500337,7.030726432052543,0.12935675620610326,7.147576634982445,0.6961576537763704,0.3038423462236296,0.11685020292990261,0.05099999924203081,True,ok,10,ok
3,82.47203684371874,0.23090233725954595,0.02207149092041189,50.16823063221825,40.97181235863739,43.930029074418286,0.13831101765234757,2.153060652311205,0.049224350469285416,0.19792996440729524,0.8020608865696198,0.8943591935726661,0.9384445030964331,0.9685463996934405,1.0347019479337443,0.35545984653361923,0.22796617422445123,0.6900668284539206,0.06476305264939011,0.26242368435784025,0.04469083434275892,0.15135068144263633,12.074273674262304,0.14685975488399544,12.263333985139528,0.7893003849788871,0.2106996150211129,0.18906031087722333,0.0504686624708392,True,ok,10,ok
4,96.36681340502696,0.16266819824548862,0.021114203909111652,53.25427567867865,26.81073956716257,57.54425946289713,0.7231558737008743,7.336067900288668,0.04801238294794393,0.24992478752830313,0.7500588154593866,0.8477532363005835,0.9017712284959567,0.9526733260835805,1.0450960759798344,0.514483126375875,0.31786107031725197,0.7226661359045955,0.09141076274764753,0.27431833034142694,0.06605946269493419,0.14176549249382586,14.988749447233104,0.14024017907999864,15.151835542437013,0.7810320241229725,0.21896797587702754,0.16308609520390915,0.04572236612267976,True,ok,10,ok
5,113.61398696228687,0.1801265282582844,0.031534292071652814,20.34173942115484,60.884986824745006,44.61559542861462,0.020141541826098976,9.788496513677485,0.03369517619592748,0.21589250965735812,0.784095739918781,0.883245955087835,0.9321613201619658,0.9737479818664343,1.043017503578932,0.40747262872799117,0.38909407920307315,0.7081938647012163,0.13903796324959883,0.5049417488565701,0.09846583253391906,0.15459849765479217,13.522129476577575,0.14763278659451692,13.635936989429469,0.7006122255687041,0.29938777443129594,0.11380751285189405,0.04863257697028071,True,ok,10,ok
6,144.07511838441053,0.16888269282196275,0.014064535132151272,51.632510313617594,62.56687215237702,88.62818326341059,0.6255782016100817,8.222669778554245,0.028493089151858747,0.2349562949374212,0.7650208001287588,0.8459610493994995,0.900679687240497,0.9557336432429592,1.0390084050130488,0.5312511094191241,0.29239531994468043,0.7041755343091386,0.08558567640846894,0.2786409294160736,0.060267339414142654,0.1458486115030776,14.533678420173985,0.14314512065919607,14.693328872581857,0.7732553833551407,0.22674461664485934,0.1596504524078713,0.046814909288223176,True,ok,10,ok
7,141.3700184987671,0.3252199904256189,0.017242561092936426,37.041191039512654,65.11377199504001,3.3030147202539117,0.5650956405879481,1.9287476407375415,0.0200257428090183,0.1780538985905883,0.8219450692502617,0.9186232314652965,0.9424484307224994,0.9749636675695393,1.016031111543297,0.22473581382180624,0.25253256223937276,0.6747343914361739,0.07801361315037993,0.3601299014486651,0.05263846779275869,0.15580383099825143,8.318968394168209,0.14753718186758413,8.480996637189557,0.7490612396879958,0.25093876031200424,0.16202824302134897,0.05428016333650517,True,ok,10,ok
8,152.14233018384758,0.12988556232558326,0.029528399785781437,68.04418868305999,31.371380216776473,56.660875658041704,0.7078979077012449,6.60587304844571,0.06161117985827719,0.1795510812122795,0.8204374313358451,0.8485653560742924,0.9037013783015813,0.9510973162847306,1.0497222006507148,0.5105388331847366,0.37187848050227545,0.6589817439060129,0.14499835809912895,0.6625104627973175,0.09555127088367255,0.1613909182814999,15.78070007587343,0.15931006203936088,15.878825259463516,0.6635728078084308,0.33642719219156925,0.09812518359008737,0.04974884384958959,True,ok,10,ok
9,159.4292667954001,0.25594116972550485,0.028001900706235844,25.03981670182858,69.5485814217476,10.753456869545987,0.459272265597856,6.9623670355929415,0.08172474176888674,0.15559997992508254,0.8443971919789172,0.8846574254449107,0.9298623855079614,0.9629112532131953,1.0560401594197952,0.36625208542140647,0.28258808046234246,0.6389309327345455,0.12486200071114965,0.6775785355433886,0.07977819457747633,0.20253447213851253,3.240825423149488,0.19834400177489253,3.264194148622638,0.29837700141234846,0.7016229985876515,0.023368725473150012,0.05495073401111198,True,ok,10,ok
10,170.97078266007156,0.1507382478515638,0.021463275178504576,49.94304568077248,27.29045707023917,64.3256610641712,0.017133417770700207,8.74899407661734,0.09485941615762401,0.19629241350044216,0.8036932380872235,0.8705951138545858,0.9303541701619406,0.96270312161906,1.069240577629377,0.45444448869299414,0.3258149093755195,0.684906627150009,0.12948231402617977,0.5301094023493961,0.0886832949752491,0.18350589104213094,9.889022487647495,0.19012503139836118,9.91639158844243,0.3548978305407327,0.6451021694592673,0.027369100794935198,0.04974915251541848,True,ok,10,ok
11,96.96961763497856,0.26939482475963095,0.01883350810582827,31.925435194973296,37.935284583799344,76.52459952296694,0.589707937845623,0.8393909009458154,0.04480097581990453,0.154538828546915,0.8454491236406877,0.8662813456357682,0.9147833249068155,0.9549700821038111,1.0312660501516737,0.44918961067513075,0.16490122128556237,0.6206222426818161,0.050733599693810784,0.2775311173296065,0.031486400421294344,0.1594545773096637,10.117795927956923,0.1545293951738062,10.304633548229953,0.7751581676006849,0.2248418323993151,0.18683762027303014,0.05419398860666588,True,ok,10,ok
12,146.50412709425802,0.3191579623854231,0.03177458414555027,46.15034201175578,25.294582892908856,75.1490469034713,0.20933882822054703,3.542464353524209,0.022910723379647155,0.15021170336551412,0.8497764438682043,0.8821359871994071,0.9280198863254596,0.9678598264129118,1.0267827919777406,0.4068621507029326,0.31066636293641475,0.6167437971327508,0.12569704627251194,0.7110362165337157,0.0775228736064801,0.1720145171613353,4.778943205164012,0.166581740287447,4.8276959257173875,0.46217432869319797,0.537825671306802,0.04875272055337538,0.05673284523134514,True,ok,10,ok
13,133.51253774253962,0.2724060469763966,0.015768197308235445,47.0250106434141,33.67739765962701,93.27298262920891,0.341198278748405,9.272937463761897,0.09341906085121307,0.22144709895296932,0.7785301146487208,0.8469396667696676,0.9114087369761521,0.9528305537455375,1.0704351043737979,0.5353914690884727,0.21216649794247774,0.6715410805220821,0.08380618604879843,0.29460276068394237,0.056279296733644735,0.20898075741921732,0.39095018558185757,0.22092249976321787,0.40030294275157097,0.15452431039995213,0.8454756896000479,0.009352757169713424,0.0511733642250747,True,ok,10,ok
14,71.32844999108706,0.3093932437937372,0.0304765317240438,65.2403570192587,47.80876576072662,47.76338926390771,0.5790993933563772,1.543326217650526,0.043546491099505605,0.19445710692766416,0.8055331919371496,0.8732765689238602,0.9187253161103985,0.9579348626888933,1.031104844954987,0.4188509201015153,0.24613653133988475,0.6587008135086003,0.07598556795956664,0.31475241306909596,0.05005175542987958,0.15329780490321931,8.758264777625044,0.14486229961770483,8.93679825182899,0.7723273449585215,0.2276726550414785,0.1785334742039458,0.05262948457169369,True,ok,10,ok
15,178.92186255906483,0.1544522674643929,0.022623157139374434,52.35360140432552,70.60491421138568,22.856191524456612,0.3705561251694417,9.467694895866913,0.03950380345230331,0.19342564718465122,0.8065680286648755,0.8768921473577088,0.9231942352962774,0.9676276392821977,1.0435852561735588,0.410572688450327,0.38199205434174455,0.688104770518325,0.14073502022744105,0.586833536594094,0.09684043879749515,0.15667383642577434,15.176318650639725,0.15110456379099313,15.300477699484409,0.7156323805436687,0.28436761945633127,0.12415904884468336,0.0493365226530167,True,ok,10,ok
16,124.02610879487706,0.19614717047424945,0.02486298540276006,30.208419852500263,72.01141150582072,97.70624740904886,0.6020239212896907,5.172366704418017,0.023993693705731275,0.15252623263474413,0.8474579822199289,0.8537670420125334,0.9053743659881685,0.9564747881912489,1.0310921194646747,0.5022819381795876,0.22338801221681304,0.622339510566087,0.08454991581490733,0.46972304481163923,0.05261875322665329,0.18292993492579449,9.64770738878526,0.17945145373274363,9.695320261663728,0.4711214933644672,0.5288785066355328,0.04761287287846698,0.053449960274069515,True,ok,10,ok
17,123.4972075630983,0.12781175585276622,0.026333677706613427,60.201908121337475,57.865611393740075,86.94877164385223,0.8657309993518102,5.933575249272374,0.08847245798771043,0.2133384843806641,0.7866415136713405,0.8310071246683327,0.8934908879749691,0.9408353817734422,1.0613799464108569,0.5729382750138349,0.320187486692643,0.6808637002736031,0.12471993467626435,0.45983583726591454,0.0849172762215634,0.18029382586962447,12.298055558720856,0.18118808579769904,12.331736365833581,0.41181574094103857,0.5881842590589614,0.03368080711272502,0.04810530197519166,True,ok,10,ok
18,177.81434117530455,0.29881351518652555,0.026224801952417193,43.37487353805254,48.49970646013736,66.2103196290302,0.557680721637621,6.729381123906605,0.05650085477556073,0.23148025713011655,0.7685027284266043,0.8538775446140402,0.9087816368090844,0.9547891542808572,1.0480016266815628,0.4983081393386438,0.45423306499189936,0.6829406385532348,0.19403593973327052,0.6441421451075775,0.13251502858371675,0.15921853023609306,5.443873797345464,0.15297255358268924,5.488553966239657,0.46760501155248435,0.5323949884475156,0.04468016889419239,0.05087092185620573,True,ok,10,ok
19,172.98851502418614,0.15960321807565284,0.017612245993475512,56.492782764620884,64.93042126906172,77.34532626685662,0.6489109055471127,3.4403236664641406,0.09789783279976365,0.1908768086573585,0.8091076461076349,0.8486717887363395,0.9081151089318324,0.9454684330975514,1.0603843198303446,0.5114264597098774,0.3065304624806965,0.6647997204690393,0.10453888074233036,0.4430937436700371,0.06949741869564746,0.15722529634290766,14.455806965084783,0.15356925173773914,14.582518408240135,0.71879209305813,0.28120790694187003,0.12671144315535315,0.04957241469324142,True,ok,10,ok
20,118.9027213253616,0.18928814253874865,0.01933811192378625,53.557757103821544,66.938591987629,87.20484050104122,0.6600113323349083,1.649266759852063,0.0837116166809363,0.22962650313689525,0.7703529402089601,0.8526676086978145,0.909146387558087,0.9466767506633401,1.0506752504365842,0.49707730515527876,0.2845644639381972,0.7009262462691546,0.09491263983715666,0.3183852265649623,0.06652676036455443,0.16725773768507898,10.173975742073615,0.1668943014412747,10.218970898944349,0.4811319955531517,0.5188680044468483,0.04499515687073287,0.04852420431621641,True,ok,10,ok
21,106.96040460247951,0.2652231110917959,0.019605584704432022,34.80534778513024,26.443771325379025,26.337409254408318,0.23398745727665682,2.778812560903328,0.09865405531314954,0.21463893939458922,0.7853547607227186,0.8892091008458101,0.9380450031236869,0.9614314594613842,1.0571202483366147,0.3631037131932842,0.2768655111294607,0.6980375320915609,0.08090612402677536,0.29602338206983936,0.05647551114674401,0.14750623766824797,10.330567565582754,0.14339415287864166,10.497736374124624,0.7685145758966393,0.2314854241033607,0.1671688085418699,0.05035316668785318,True,ok,10,ok
22,169.78051710545964,0.2706767105143123,0.02876518661785333,65.6448985594956,54.686345392071416,72.85294577675926,0.3576728914133278,1.0845264883395125,0.03211671255924364,0.1913230764797948,0.8086627080883289,0.8800139495783648,0.9253302898591347,0.9629364262225822,1.0259432714716181,0.40681397938978786,0.39879867381385586,0.6660878807180972,0.16796236077537702,0.7098715371399077,0.11187769292927933,0.16865907982212558,6.461969189395809,0.16165672573815953,6.507769517275579,0.4643271332004608,0.5356728667995392,0.04580032787976997,0.052837732670520776,True,ok,10,ok
23,115.95363514171152,0.3324339637605005,0.022299393000363064,28.552248208510434,68.74530688170044,6.958360662950495,0.9395968708413948,8.320162382030512,0.03597630481358495,0.2278997174019454,0.7720965864331641,0.8708680481549204,0.9100130653870251,0.9598776148113349,1.0373240690084111,0.3994335545916012,0.30626942711484684,0.6892788823340124,0.10592184559325195,0.35884453914625913,0.07300969134527253,0.1653741788080317,4.767564351435215,0.15952054888052283,4.814712679504245,0.476138317373026,0.523861682626974,0.04714832806902995,0.05187400714053489,True,ok,10,ok
24,150.80331482563378,0.2933464198403194,0.015137654882311655,29.071688279181284,41.52267266935884,5.7236891107135355,0.18453289191843422,2.2099267539116347,0.05534015636317936,0.2029580292579366,0.7970403230852147,0.9239145839115296,0.9548001059590758,0.9767628632621582,1.0334520402654157,0.2219683533041268,0.28216330797188016,0.7074380779650539,0.08327920101494793,0.3270446735639101,0.058914877900480125,0.1498822131314675,9.456496540356177,0.14442522782708478,9.618135946006586,0.7570816515626254,0.2429183484373746,0.16163940565040813,0.0518638608952577,True,ok,10,ok
25,97.85472201464268,0.17604040619955155,0.03007818917900288,67.84696709976582,42.78828835560826,62.70006169498452,0.6805230337751352,0.0030618925515636273,0.002836000089006868,0.2448093782387954,0.7551751038665039,0.8735307905177522,0.9138662439263634,0.9600583981895328,1.0102835742062515,0.4185708373746192,0.3936655412711928,0.7336169205322355,0.12952283818673307,0.3995199194424093,0.09502014568914616,0.14635263330064,14.06892234354184,0.1418595374227603,14.199192605005782,0.7364999639686928,0.2635000360313072,0.13027026146394277,0.04660722371877247,True,ok,10,ok
26,153.25221434079577,0.29501844994494353,0.013060700475943291,36.5983414665952,40.24203662344365,29.198999777038264,0.1025228462359364,4.39996816215984,0.041495220030620054,0.18006297879187272,0.819930952612786,0.8985775881610876,0.9405584824852614,0.9727526251779076,1.034856793602739,0.3385660078347122,0.19775301908523593,0.6636033542823456,0.06478427375219763,0.29499034988363393,0.04299106136670407,0.1744066884404631,6.049389692792623,0.174063730295991,6.100598003182713,0.4817512847724017,0.5182487152275983,0.051208310390090155,0.05508784700216877,True,ok,10,ok
27,83.83333660273897,0.2500604877342026,0.02308531115662716,44.00737808966733,67.96457776817462,12.778818772217265,0.6725415118408832,0.9935655117510628,0.03145218899755495,0.23816738588422143,0.7618291737558668,0.8937009496921177,0.9276682778694434,0.9642591861709612,1.0218243951457555,0.3254752439597898,0.29355771811693954,0.7298515600214908,0.08285111297757428,0.2650131249902155,0.060469014056199366,0.14551778283023564,11.278860006382892,0.1388362654527459,11.45651014026084,0.7858604078995224,0.21413959210047762,0.17765013387794684,0.04840799564759686,True,ok,10,ok
28,129.1888011872546,0.2641967726630944,0.028231305210722146,66.62175057459953,49.300650455365556,17.82771333477201,0.9184742830607684,9.835608548725327,0.004690530451396562,0.21269146634633912,0.7873024543757666,0.8579017218083198,0.900294140195923,0.9604339498872966,1.028142201187969,0.46108108173071244,0.3832360862666903,0.675806004330476,0.13943622077488463,0.5161248030519847,0.09423183522081689,0.15165272157752663,9.387336928104226,0.14360531586206565,9.505937500480671,0.7002784034176084,0.2997215965823916,0.11860057237644564,0.050761458206866006,True,ok,10,ok
29,136.29812685936687,0.2857666621167429,0.03069727766338296,64.16210359498292,28.999768805874652,81.12895151305533,0.07748484173335858,7.889137358462225,0.03694425827796629,0.20674026674179008,0.79324131197428,0.8744465329682759,0.9266961832552524,0.9686416330877193,1.04195503379291,0.4433007287651339,0.41476890573268077,0.6730225953552522,0.15549299079973486,0.5965575870235881,0.10465029622758791,0.14765959195635225,8.784816982380157,0.13991365875792833,8.912062145705978,0.7114155610051273,0.28858443899487274,0.12724516332582136,0.051616770964795416,True,ok,10,ok
30,112.22110713322745,0.17388239942999711,0.023444051595538105,26.938798148175746,55.579382597815886,1.4090045208992494,0.5396427972840216,4.952345083305636,0.012078571385907455,0.2167515849349549,0.783246919253682,0.9235846372281598,0.944714733345798,0.979934464831423,1.0172451191017058,0.20318666951887765,0.33558919971214674,0.7450790214916501,0.1025013996661297,0.3703933767919477,0.07637164256476446,0.15120315015881725,14.971000259244718,0.14674198617868597,15.111746304798517,0.7445687770046202,0.2554312229953798,0.140746045553799,0.048284236000601506,True,ok,10,ok
31,177.28476185811678,0.19442447276510139,0.02737662536775859,25.87661748744259,34.54090138085631,19.61344855298858,0.5931002849756909,6.59294268681349,0.08959765858326457,0.15929955526677203,0.8406961754717326,0.8679702879432496,0.9189164337251873,0.9553413777432923,1.0600614182740264,0.42917382773368173,0.3535347238423829,0.6418310898114383,0.13897440490245866,0.7334114609986996,0.08919809375444114,0.16310553510835907,11.839253164497833,0.15837864603690183,11.936407589932287,0.6486113372438084,0.3513886627561916,0.09715442543445293,0.05263392986519129,True,ok,10,ok
32,107.68818136156759,0.12318780971251421,0.026014154461494,35.97134509857381,58.59077820237834,58.87452093801798,0.29504587551031136,4.535337267412885,0.08240225731367531,0.24732025402922364,0.7526639894539487,0.8706126137674679,0.9250181986869855,0.9580958861741181,1.0550187416624086,0.4411581794325329,0.39216635720565307,0.7424416737205719,0.12454388476926756,0.3789973686628883,0.09246657025975705,0.14331747536470568,18.19691938940921,0.13947150586736626,18.370548170853564,0.7943627196413219,0.20563728035867812,0.1736287814443538,0.044947414481296244,True,ok,10,ok
33,81.90786619702328,0.14034741583765034,0.03096192807716417,58.23956193747209,37.01000654899028,60.60982440217947,0.2528035275371752,6.229769260184982,0.07519355229660225,0.1716654391257709,0.8283230426556185,0.8690747102344776,0.9240988800865872,0.9600784860315457,1.055225594228055,0.45032849897821237,0.24497155807452273,0.662155699379342,0.07825694982237763,0.37758145174828484,0.05181828534093054,0.15970947628259197,16.338514433477595,0.15664961861761864,16.485967632786025,0.7461859492232275,0.25381405077677255,0.1474531993084288,0.050155988403998895,True,ok,10,ok
34,116.57346713275786,0.21655580812615127,0.027073735587489788,55.956941333048235,51.66399262371769,31.77440718456992,0.08211218314433595,3.8738554356683244,0.06534779969845221,0.17354368180723317,0.826450117190407,0.8959168899440143,0.9414681541554104,0.9692416841057393,1.044715557279994,0.3483760607299422,0.2921268758715849,0.6695673515900973,0.09845312841929585,0.46883696031739225,0.06592100045146766,0.15973780021446507,11.881502373283034,0.1532864797546446,12.012956094609994,0.7162700263846364,0.28372997361536356,0.13145372132695932,0.05207164827487964,True,ok,10,ok
35,119.98165079345767,0.22711231166843268,0.014978095033918344,40.152631652542354,29.11963224919832,81.75278617634616,0.9559050163262728,0.21633159995865675,0.013507907635274067,0.15633153898305105,0.8436554961454032,0.8530918207973424,0.8986027006672294,0.9501555905586907,1.0160794607909354,0.4871913926962234,0.11976885861965667,0.6219002887840566,0.05050232039363402,0.27251715997519377,0.03140740763706595,0.23082609779195976,0.5284304618317321,0.24797663124152852,0.5376085921224388,0.14418629648914472,0.8558137035108553,0.009178130290706684,0.0544765339470815,True,ok,10,ok
36,94.53694965208534,0.1777489315070907,0.02083879116174919,67.4245826545999,51.40210122950687,55.62769330709512,0.2618533690798945,3.034706118329769,0.06788113041855483,0.17075627161082396,0.8292336661105492,0.8791684250367853,0.9293064301604407,0.9614058800694031,1.0453621673813358,0.4096842577259883,0.20253290823852896,0.6619763344882506,0.060469121854990454,0.2936353463836754,0.04002912763528994,0.1576134578755371,14.496877268535947,0.15386103543329555,14.677535519411006,0.7801126561239687,0.21988734387603126,0.18065825087505863,0.050921444002177144,True,ok,10,ok
37,131.3752509464548,0.22231682336889264,0.023863676293979938,37.68896642402248,53.494435145573625,85.84403984160993,0.5206734316214348,5.876376991217346,0.09920781375170078,0.24666727527267082,0.7533099697699833,0.8470118123021998,0.9092275292037488,0.9479199916542309,1.0660690703676912,0.5250166984259329,0.3776286644631975,0.7070985883709644,0.13901440508473575,0.4245041325518162,0.09829688959864606,0.16200350295332283,8.4363661973028,0.16007638448909645,8.480272129412398,0.4769901360656967,0.5230098639343033,0.04390593210959829,0.04814195062387411,True,ok,10,ok
38,166.23795293718632,0.1556504103740734,0.017825741090411365,32.07915075237638,53.780443287537416,17.83458650325509,0.6375200752387251,7.085285194366292,0.05942868712916434,0.2110980872407942,0.788896517504799,0.870608190240118,0.9170590057299643,0.9592451044425774,1.0472745158396883,0.41883147529317105,0.341130012268632,0.7026919269810391,0.11244249503830102,0.42019909717634746,0.07901243351301968,0.15260727355279902,15.112148519329534,0.14975675337002406,15.23882367519854,0.7241658020615493,0.27583419793845065,0.1266751558690071,0.04825046960017318,True,ok,10,ok
39,114.92132013606717,0.19900757586046788,0.014327621073398146,30.709356805285655,69.1662416195489,49.79503870354259,0.7398620892091091,1.8707044016888952,0.07836797053634693,0.22250010633621087,0.7774882327999662,0.8584891990975321,0.910601920713304,0.948471458483902,1.047517713026901,0.46674545454228306,0.23721386342805678,0.6971372337268598,0.0658544270492586,0.23010487379102787,0.04590957310178743,0.1476270627353127,13.250004630702854,0.14396830290815982,13.427688320241558,0.7866770317888175,0.21332296821118246,0.17768368953870403,0.04818243131990393,True,ok,10,ok
40,149.42492649606237,0.31757208269978,0.019901497480341188,44.373477636122786,54.98819039143811,74.90642838056957,0.6966648895150221,3.4194138352967762,0.04992699231156923,0.18473765182920515,0.8152477485846947,0.8540801871639625,0.9063059051983925,0.95164152112623,1.0386870973264632,0.491996676984233,0.28238650664948545,0.6335083966471677,0.09875426151364881,0.4357683803331274,0.06256165387358677,0.15898453335710105,7.489002333526418,0.14944613029794057,7.666798483563739,0.7688559236766414,0.23114407632335865,0.17779615003732113,0.053451531826279985,True,ok,10,ok
41,78.7885349100874,0.3470252664034392,0.027867391369841413,33.03361204304555,58.928452917272814,90.85075579365942,0.7636877083686451,2.228537267421828,0.062015303861779225,0.16037393376020367,0.8396110148593481,0.8485879649480563,0.9032171160990776,0.9471198833097388,1.0421582126333555,0.5106449784852982,0.19138231291715113,0.5999947004206201,0.06329817379236335,0.3313559462324907,0.0379785688217214,0.16046489360086,7.38878847105045,0.1502695121163769,7.564433825093985,0.7588337998615734,0.2411662001384266,0.17564535404353493,0.05582213472090359,True,ok,10,ok
42,179.58308130655234,0.28068819227851083,0.01064743336578488,67.07243220105315,34.88751015939435,9.218731812329565,0.2042392858057094,6.203536942174148,0.08006580749479053,0.19378002147781426,0.8062169503698026,0.9019804937189728,0.943841460687995,0.9702938878209237,1.0534727908208898,0.30896779077600195,0.232461399534545,0.6842368748240856,0.06660141181769606,0.2770891841595772,0.04557114188101227,0.15046631626153908,9.979949484205491,0.14645268052578433,10.161624262045622,0.7774659754494412,0.22253402455055882,0.1816747778401305,0.052000757266222025,True,ok,10,ok
43,165.1663558432133,0.16460034621773723,0.015272889324277776,48.9635947194174,41.254150377146345,8.7855257980368,0.06800957154754605,4.916002206119386,0.07486731797255124,0.23407679695190145,0.7659199798744657,0.9135414806656805,0.9523254761016908,0.9747140575323784,1.0484645396931072,0.2697735935423057,0.2567863020517037,0.7537051561253894,0.10613642054795751,0.34728297206418357,0.0799955674196883,0.23153026857907635,0.7934561222542484,0.2531898614588204,0.7998110884362791,0.11715993973221617,0.8828400602677838,0.006354966182030733,0.047886835209774437,True,ok,10,ok
44,119.88363552993086,0.1288286512377605,0.029309138734071094,40.43653199527616,25.38489691285724,95.93719847597328,0.030982912413707136,0.17015629826511194,0.00027100057353754485,0.2097514256308261,0.7902284072769556,0.8986965121697278,0.9387508649689205,0.974407182923035,1.0103733005268587,0.3533708186597596,0.36208102712725115,0.7221961228620364,0.13248506902694493,0.49908313955247546,0.0956802031883689,0.16857060262571943,14.341067057373813,0.1714867904032989,14.383798579132275,0.4694235130273338,0.5305764869726661,0.042731521758462156,0.04829826386706949,True,ok,10,ok
45,144.50642946090636,0.2758359100159024,0.023066620642213605,39.123877566703264,56.70433283461536,12.84116344010507,0.46571059122692116,9.11473148338558,0.054088701662080796,0.15706599370566102,0.8429304845436251,0.8802658486239023,0.9247499017501615,0.96601002751471,1.0482629396968295,0.3873228887232023,0.26909556932950673,0.6330792702725644,0.09410665720474805,0.5050335192407925,0.05957697387097226,0.16182010828618665,9.12538234473141,0.1536167587266169,9.25509352496388,0.7037085461005659,0.2962914538994341,0.12971118023247089,0.054613965385320234,True,ok,10,ok
46,118.88436112498991,0.16296495349191653,0.025823830322508616,38.38662621846535,72.32102208926645,37.81835708967222,0.7005041950002825,8.964021607833661,0.01208591805157016,0.2417289615291402,0.7582595599378539,0.85732740285961,0.9043550281277677,0.9608543681475523,1.0312947620467559,0.478240754130035,0.3918421463222072,0.721356626683222,0.13339882230878236,0.4184278487872433,0.09622812446417778,0.149350676508014,14.540615822849237,0.1434959257106965,14.664097766861111,0.7262931062551538,0.27370689374484625,0.12348194401187512,0.0465347378874774,True,ok,10,ok
47,82.34308069182983,0.3498538825980389,0.023906782631779134,32.70430124756949,40.19570887215956,10.060138418794711,0.9825018121489604,2.385527714400684,0.08802868976939762,0.1684906054130915,0.8315071320363799,0.8700463792475321,0.9137751477227909,0.9492142739203637,1.0495915167492313,0.3975091761980871,0.1922221936545631,0.6266278455987392,0.05961932654596211,0.2942195466746821,0.03735913014954396,0.15699475500422222,7.574795932956327,0.14904051602852034,7.762024573585497,0.7720015210179086,0.22799847898209136,0.1872286406291698,0.055295027436021126,True,ok,10,ok
48,158.4898355586729,0.19814566770129227,0.017264334891326782,57.76421378010507,47.59276341454925,19.65319373957537,0.020426528175367657,7.965380220139979,0.031915373020778695,0.22864636939734972,0.7713473108708638,0.9017918343185489,0.9426093143442145,0.978300129977119,1.0368534386457822,0.32830208005341405,0.33410796786700137,0.7320711592389824,0.11245658198251171,0.37936611387478314,0.082326220335991,0.16407981679498418,10.094736226301574,0.16489175170070489,10.13941242426595,0.47824984529891906,0.521750154701081,0.04467619796437629,0.04873982381489363,True,ok,10,ok
49,168.8270514149014,0.3287979188057651,0.021431630274537608,41.17216982347861,45.47788852223303,25.83583450474025,0.3241182707234694,5.968362914761586,0.07651532336150924,0.1651385643388013,0.8348561298668047,0.8803704904881575,0.9293853514664985,0.9625993102950186,1.0534967951152696,0.39604511349424726,0.28261375558698326,0.6305251084909212,0.10740314568942716,0.5429579340333754,0.06772038008809228,0.17190128994505371,4.706683134614469,0.1665684881790717,4.756582190480697,0.47131939383063876,0.5286806061693612,0.04989905586622834,0.05597194481692789,True,ok,10,ok
50,83.24567326305522,0.29658456202180516,0.022557747650604115,62.251303277924244,65.43086149883467,28.305412183928063,0.3355640039038238,9.068338202737932,0.0844604893426519,0.17606267745302107,0.8239306830937532,0.8693304787771352,0.9233619488280411,0.9606445133386844,1.063462821874598,0.4394106115567894,0.1952451834541666,0.6391755520745148,0.05942899455726886,0.27810281167398687,0.03798556040537566,0.15656756368893876,9.292815064982538,0.14861708281248365,9.489403459646372,0.7863868590089685,0.21361314099103146,0.1965883946638347,0.05340102518936841,True,ok,10,ok
51,177.02865141385348,0.18169942006770207,0.018173742012023264,26.922364272934843,49.3575372113101,94.96389911117647,0.35215363961382473,2.7315095824165123,0.08334567972985522,0.1970580078506628,0.8029226691974608,0.8639483159193433,0.9205545477400023,0.9539713769925368,1.0528577470663236,0.4679320024381171,0.3321038065287161,0.6764524916428848,0.11396772803151135,0.46432165496049227,0.0770937535937945,0.1550437650923348,13.236648167121789,0.15156251810153787,13.35777786598652,0.7087431003111314,0.2912568996888686,0.12112969886473106,0.04977806561517185,True,ok,10,ok
52,163.7480485762671,0.2343148534917605,0.027337584784655193,50.96877570578927,29.52731213073389,42.55609732428391,0.5790622654880978,5.749065167197087,0.043772351073292005,0.18267490033585906,0.8173161693067018,0.8646877662081667,0.9135195100243664,0.9585136516585406,1.0393732639346809,0.4524513136375152,0.3808658641137034,0.6543327093691016,0.14699199531977047,0.6576331034748266,0.09618167055315571,0.1563525668665615,10.146403720047743,0.15093302731005528,10.250015551771133,0.665437921978055,0.33456207802194504,0.10361183172338932,0.05209289790097115,True,ok,10,ok
53,153.53027125664562,0.12490407414253482,0.025549657806686846,20.46000015626338,48.55753574051246,32.54318145484578,0.7790015291643342,0.8848489287128507,0.051573522375286854,0.24618991483460909,0.7538016634510357,0.8702091726446026,0.9143655701712888,0.9537599958461281,1.032589357953693,0.41789060580800863,0.46431327965366925,0.7434015566527915,0.17358872719173604,0.5314880398773723,0.12904613001171333,0.14888287970338399,16.927434374717702,0.14587010522245508,17.02979765065752,0.6920054245754543,0.30799457542454567,0.10236327593981964,0.04555937365880099,True,ok,10,ok
54,111.99991698154724,0.2493890803935173,0.03061703738186973,20.74938740624331,38.115214363906276,21.91780079568622,0.18332268156913487,8.76613884854863,0.04207483303312282,0.1961628430911841,0.8038311017119724,0.8883176790974798,0.9330633627609716,0.9721402033971397,1.043252154405468,0.3737142717587078,0.24029115778362814,0.6810280119541076,0.12091169729917316,0.49545357953305375,0.08234425283365274,0.26034106939447604,0.22549046152164465,0.2732436312867358,0.23001993665325474,0.07970638094503521,0.9202936190549648,0.004529475131610091,0.05229753266759704,True,ok,10,ok
55,117.80992123530953,0.27304136652285405,0.012250447606401444,69.1470139968022,62.65781103618583,98.40132794347824,0.7257149118420658,1.8263655255620734,0.07792737444749669,0.18744402213423364,0.8125370528423057,0.8477358043429489,0.90475885125656,0.9452544491355994,1.0486854783129873,0.5148745858728206,0.1681163242144313,0.6399046655116714,0.04863025676857541,0.2107823765325937,0.031118728191241937,0.15398363076558486,9.93063829793963,0.14917836002983023,10.133478241964244,0.7961155768329908,0.20388442316700917,0.20283994402461383,0.051947111934681385,True,ok,10,ok
56,87.90798142215918,0.1875186981591951,0.019086313160262627,31.360815223805364,51.26661497580319,56.62686263114858,0.40178745388978093,0.5827612734314971,0.05224630511247638,0.21391536463680513,0.7860723106870848,0.8803436176119264,0.9265167697467995,0.9601580051536546,1.0334605049403691,0.399663961625233,0.16139630429615115,0.7048069369162188,0.06451707247906738,0.2370664798244277,0.04547208023277315,0.23626968845937116,0.6649206206842528,0.2531063164233549,0.6722986446873775,0.12735962954929458,0.8726403704507054,0.007378024003124696,0.05055260934776009,True,ok,10,ok
57,162.60001794250508,0.3326775897837028,0.026354196188707033,56.35758089446456,28.0203107704102,67.0045201629619,0.39372121920130526,6.089040045560349,0.00864064199533164,0.22729939983255845,0.7726838953248842,0.8706517715420028,0.9170057825824394,0.9660035385066891,1.0252093028746114,0.4442715903291644,0.45442364884508685,0.6836879001493735,0.1750885993407766,0.5951542287730359,0.11970595682339055,0.1437177385050151,6.937033453837728,0.1353032318938138,7.046190756314989,0.6795270408332387,0.32047295916676133,0.10915730247726116,0.05147987002350063,True,ok,10,ok
58,116.51521233849735,0.17295133574073307,0.016370343072104408,59.73192104879911,51.988086844135395,83.24146293284285,0.29988653558474987,3.021558673988996,0.04872316032893087,0.16652498916859823,0.8334605946961583,0.8732883260195076,0.9237418436250474,0.961177182415122,1.0375754115543647,0.4358006692849427,0.1615238315670126,0.6539423711044159,0.05709718810503142,0.28574772599119014,0.0373382705727991,0.1938243399879112,8.497671985438856,0.19955692468343078,8.525929164945842,0.3510504907792507,0.6489495092207493,0.02825717950698525,0.05223602659638996,True,ok,10,ok
59,123.35359723005331,0.2355811055992636,0.02593465190657506,45.2773258982252,26.287826920323326,31.048510011491977,0.04938261373370417,3.7239745588980715,0.0010841708615985525,0.21535439966167008,0.7846381010348876,0.9079558561350999,0.9433841917707881,0.979820793042502,1.0154486323994818,0.30813744686865396,0.3733709707193818,0.716043240443613,0.12383927862362518,0.45118944845723397,0.08867427835986003,0.1488221670360137,11.169639295264954,0.1444127750274256,11.298337951409177,0.7206382134244704,0.27936178657552957,0.12869865614422338,0.04989117401847059,True,ok,10,ok
60,162.2011618118604,0.21761872132292934,0.01648197722952633,35.94863321413203,69.72402028838482,44.68798798275864,0.21825032997697896,1.4266237014032046,0.05791700856724369,0.240541879765616,0.7594469747242568,0.8905844348576869,0.9357737719149419,0.9651533973077172,1.037197018521175,0.36580139500300535,0.36751213946423483,0.7328082888652993,0.1155929621436095,0.36493710814383173,0.08470748079332979,0.14578145194455946,12.109707982212928,0.14062205689058188,12.247332941773074,0.7422579059112326,0.25774209408876736,0.13762495956014603,0.047788976033023296,True,ok,10,ok
61,173.28771655489993,0.18655952912529788,0.016650962622551807,43.164877077532424,63.34314146950102,88.33777253744218,0.17209783264276046,8.117812641749737,0.09673999413478851,0.2029944639541994,0.7969859192655604,0.8587164323280319,0.9212752343286301,0.956851197152701,1.069502765808559,0.49605780913546993,0.3166773647921109,0.6767949881370784,0.10529083873111393,0.41334726927698867,0.07126031194996729,0.15376464995960124,13.099449758851602,0.1496526286133425,13.23064618385048,0.7262750433857742,0.2737249566142258,0.13119642499887832,0.04944646806717319,True,ok,10,ok
62,174.31792445922463,0.23197700082745185,0.031712285075493764,58.6429946475403,34.31659943513026,77.14556827912412,0.0031785075996781475,8.28527704270553,0.05383371046177824,0.18183712229891255,0.8181473412967103,0.8754998975154729,0.9299305296341679,0.9682351907630811,1.0502398397842754,0.44079046148513873,0.4339317198927898,0.6585810276964936,0.18069516726931786,0.8129398367926225,0.11900240896001718,0.15523983585540854,10.23695313976722,0.14781649433200414,10.337446338283263,0.6584823058338382,0.34151769416616184,0.10049319851604317,0.0521201634918977,True,ok,10,ok
63,127.4568091642411,0.21623099370194582,0.026709785028781262,41.5942441903851,41.61663056210636,13.69352483864165,0.12995767819288456,9.916844487039805,0.01992347056380756,0.16730535169958116,0.8326906763223639,0.8991370989007572,0.9380729209703322,0.9792049170270355,1.0346222989012215,0.33243051795123174,0.29215962082999064,0.6661321708259041,0.102378998669417,0.5095354865428726,0.0681979446306411,0.16522905817316486,11.229341721820454,0.15856451710906988,11.378691838112417,0.7404931953453309,0.25950680465466913,0.1493501162919631,0.052339942753499555,True,ok,10,ok
64,160.0580419077915,0.22991707199436748,0.03082970584360282,25.696061285210575,55.61779698998251,93.50535566405166,0.27527079417995837,7.650036199117446,0.05679504306003983,0.19522040888156586,0.8047597877743307,0.8597442221038218,0.9167858211461366,0.9599590076770012,1.0507138281790502,0.49114802678110353,0.42155420129199306,0.6619290336943895,0.1731703166347731,0.7137899804305335,0.11462646035460683,0.15728747147977157,10.147812011416487,0.1482673014772199,10.243579305826819,0.6514678255715929,0.3485321744284071,0.09576729441033077,0.05123504500114406,True,ok,10,ok
65,122.43647543569043,0.19508446884501857,0.011825112745656514,52.212815217436706,59.538387827738944,81.52749368190052,0.49892904669967847,0.0540065670079658,0.08698707197334794,0.19285203632230233,0.807132133000377,0.8653718138557396,0.9194366887128907,0.9505728828503326,1.0488145275964917,0.45355458126813064,0.18184335535715182,0.6718023912817346,0.0501918595592066,0.21004775598704045,0.033719011274751985,0.151709877278947,13.652420772635288,0.14894816170742087,13.84786700191026,0.7967293351449308,0.20327066485506917,0.19544622927497074,0.04986446866665538,True,ok,10,ok
66,86.18467496758555,0.28843282902788403,0.021098792589096315,54.05299156897591,37.057510937598394,36.42073864990475,0.07311299127022242,1.2057993826912086,0.05057420792047508,0.17130486201831782,0.8286886796046868,0.9029548935552231,0.9445825009982908,0.9709645355187774,1.0330185957341544,0.3230131656372241,0.19167589752679767,0.6591175727551778,0.055992648795674296,0.27085468777535465,0.03690573876633797,0.15563666871699355,9.82689988631802,0.14992101977703864,10.0260600777489,0.7881080157302632,0.21189198426973677,0.19916019143087899,0.053546528277252065,True,ok,10,ok
67,160.754449871569,0.26843712096505445,0.021695694506626152,42.58822340613163,39.35201440377638,46.49066431341399,0.2847128721656424,5.493884405996104,0.041277518182274126,0.15854243305916227,0.8414492796117582,0.8789182804617479,0.9263047419755053,0.9657781325973808,1.0379276191424704,0.41105838417186297,0.22203697025505367,0.6329064780368627,0.09939443733735275,0.5274991970401288,0.06290738327163957,0.22041202610139374,0.41841025921423025,0.22822751236264222,0.4286689387400967,0.15680013478916677,0.8431998652108332,0.01025867952586647,0.055166516311243474,True,ok,10,ok
68,139.7699980890925,0.2784246842273321,0.02536171592128374,24.957936988132538,70.7088979327578,61.15490612849614,0.34582506647352185,4.785961205240332,0.01114496767779148,0.2082221470608176,0.7917640496667959,0.8774877532726018,0.9219927360039202,0.9673125202993206,1.0235352010203558,0.41848736628274497,0.3756539829333654,0.6795031805583694,0.13268004237002642,0.5044819950097895,0.09015651078705217,0.14984230430083256,9.51460181583867,0.13995690547056705,9.66273530497069,0.7431414853318075,0.25685851466819254,0.14813348913201918,0.0512006781240029,True,ok,10,ok
69,143.62850269385,0.14815830656140538,0.023433788954514402,57.27899281372675,66.38983988237834,92.95917002531488,0.5605151060649709,2.9457128124478023,0.03793956785775552,0.18358586077411934,0.8163964278342278,0.8601716091277322,0.9110628281813341,0.955687618932451,1.0328076584557901,0.47702413328476106,0.3092466590296212,0.6669558474569266,0.11107634309717915,0.4939028617566915,0.07408301654279546,0.1654766177480294,14.713507270635546,0.15950463811332077,14.856431741379579,0.7422261970085873,0.2577738029914127,0.14292447074403333,0.049637407723831836,True,ok,10,ok
70,175.75537803021825,0.22531055344687417,0.022195333876909744,51.20472998972542,50.39310841690454,91.75416269508467,0.5331661412317856,5.200074903685442,0.0344918003939556,0.22188564899979624,0.7780927178353946,0.8566440643138487,0.909037846179273,0.9569584291269073,1.0357369188979328,0.49276263238346646,0.41631992586184424,0.6882956939313477,0.15559626193232284,0.5455806458940065,0.10709623707983189,0.15014880555925564,10.794615154598702,0.1442111595162994,10.904454134607432,0.6901293185902553,0.3098706814097447,0.10983898000873059,0.049318118595776554,True,ok,10,ok
71,126.52710733114147,0.16685791958536483,0.019659685933601113,38.87551734421612,46.07872016573461,56.38793101165088,0.1352373742152456,4.320558241498059,0.010492984640131259,0.2329283836708636,0.7670574432358928,0.8906616479703892,0.9329453395373323,0.9731072616926355,1.0221381020734406,0.37586766845082403,0.3420461279912593,0.7334299575150229,0.10415168302561231,0.34296147857277726,0.07638796445659297,0.1469385351158419,15.003423236104055,0.14402268991160758,15.146320008352287,0.7522307990525164,0.24776920094748356,0.14289677224823114,0.04706722873154651,True,ok,10,ok
72,99.82005455876357,0.28579940581344565,0.022020713488471483,69.8430181311788,33.104908117487156,59.65209341887463,0.16934872924080235,1.9659306653026365,0.04618470416635089,0.22335241363196412,0.7766337851564454,0.888529954086849,0.9344028677820777,0.9666010520306205,1.0336099878508258,0.3794793057100169,0.29756110749630577,0.7009875253221372,0.08825188154072362,0.30684762624533585,0.06186346804625425,0.14603825865041187,9.60256115964706,0.14056125968845395,9.773549760005427,0.7729122922773621,0.22708770772263787,0.1709886003583664,0.05023779501251556,True,ok,10,ok
73,109.15369224859239,0.30524402736333,0.0157010152079237,32.20115212463262,58.340129055841544,75.66875234394364,0.48917883400546913,4.603365468723423,0.0922253478409563,0.1894380163017083,0.8105466832027731,0.8549766382465182,0.9137694144012121,0.9504297881595772,1.0601109129915343,0.49462029710652955,0.16162151620590665,0.6404635333664863,0.05836139677482638,0.24969020011165605,0.03737834639060876,0.19389250954535803,4.243806057433552,0.19367284129674067,4.284444174268301,0.4090662801978526,0.5909337198021474,0.04063811683474881,0.058705482972826184,True,ok,10,ok
74,115.3001153679077,0.31983265171821895,0.017823334431419945,37.0055939559754,66.85185656365806,55.12489082963031,0.975297646594822,4.03512492865536,0.09963763545095512,0.23937420733811066,0.7606113969532196,0.8363862888182999,0.895787772203119,0.9388546100135245,1.061634107211825,0.5419069630567176,0.2927195403797803,0.676756208911608,0.08842589572874049,0.28095633301278666,0.05984277396299557,0.1445944627358402,8.179734558215845,0.1371007032761419,8.347035548733732,0.7701906712858626,0.2298093287141374,0.1673009905178872,0.04991923397349993,True,ok,10,ok
75,104.5962238929724,0.13494441113040573,0.02703463622499168,25.317541894497943,65.93174723845009,37.111365975311905,0.5234438264638145,9.751163605887447,0.07100109750011314,0.23532155208961789,0.7646672964411493,0.855693906378057,0.9113212537796003,0.9565431682574449,1.059341049669203,0.48761675916170133,0.3371992021208659,0.7185526850498396,0.11961237663245435,0.38865687291765055,0.08594779439444276,0.1689395062096541,13.398602312186018,0.16788734822330792,13.440689447581867,0.4730911835793563,0.5269088164206437,0.042087135395849275,0.046874859366814875,True,ok,10,ok
76,89.04632877732573,0.31381235930775025,0.02805579455294891,22.33019997107543,50.73413674384112,87.17826813198155,0.4594872179416223,0.45851431061229175,0.09016487926115381,0.16203021000092113,0.8379555144843859,0.8647079290356502,0.9199590392508283,0.9507234962867973,1.0511970608389394,0.4582949446847895,0.20158649975408327,0.6184876353187357,0.07276627565098334,0.3762849550616582,0.045005041758327986,0.17824920301118755,5.154403084210696,0.17311808114654,5.204251874053098,0.47184411438304996,0.52815588561695,0.04984878984240242,0.05579794458297275,True,ok,10,ok
77,170.3319896490646,0.3445279034374896,0.020519199541555594,49.85022552073907,42.12884779360086,53.81194024615463,0.09585501603120702,7.283164854728153,0.0255124340729393,0.21482269355110373,0.785164160437606,0.8837674274962579,0.9307214394908919,0.9720876830962726,1.0347225555990816,0.40361318747652164,0.3616278730761611,0.6775691821485417,0.13496484711323062,0.49325829939782073,0.09144802107731463,0.16143077473955286,4.397350074799785,0.15644232653990647,4.445627709115826,0.47654188680546583,0.5234581131945342,0.0482776343160401,0.05303063606428854,True,ok,10,ok
78,101.32576184228184,0.1265986685730773,0.02867677276022934,53.95083206685954,48.329770799268495,39.78844429422825,0.4559921250415034,2.683105569193846,0.09200418003861616,0.24864808145219428,0.7513412442386269,0.8724094117201144,0.9242967385261354,0.9547112601497221,1.054803416043144,0.4224683005257429,0.4036720165675644,0.7457394900523999,0.1298707080433768,0.3924141704670267,0.09684971558901193,0.14307208135031532,17.887187336284548,0.13946313944458946,18.05374049875443,0.7873021446936855,0.21269785530631447,0.1665531624698798,0.0449960675079966,True,ok,10,ok
79,115.77166274365166,0.19146303725614072,0.02775761517211913,69.76945414029663,43.540705767130504,67.43030345036262,0.2403825039914642,9.599239148165944,0.08967400890153039,0.17144157558115508,0.828545176117445,0.8572800108723064,0.9185798671917426,0.9576481908392102,1.06870824039233,0.4973628046919762,0.2842218616899385,0.6437455099380064,0.09903562099812128,0.47858371192866656,0.06375373634146272,0.16055601929236865,12.635665012979935,0.1555617883444555,12.762568738807765,0.7110318033829659,0.2889681966170341,0.12690372582783097,0.05157454367297768,True,ok,10,ok
80,171.35516787068931,0.3233706573443137,0.015327873892563456,32.74945447477071,53.110604022965944,84.21080966075908,0.9513402053688665,3.5895936142144396,0.030819767699392916,0.17319033696109798,0.8267942907302236,0.8417827409183765,0.8934628192992908,0.9475143735787647,1.0306797451459975,0.531115036646637,0.2076715371994848,0.6127883731140118,0.08177087182143555,0.39033176362964767,0.05010823951157188,0.1911777845016225,1.9662634876667013,0.192344493669526,1.9928275287801565,0.3238731816654034,0.6761268183345965,0.02656404111345522,0.055455843882452824,True,ok,10,ok
81,178.03285125588604,0.2002110629069629,0.024853139827584574,29.492759316193144,55.1114909357906,91.91816080021509,0.5031278065081061,4.8399473273194875,0.08478581621447591,0.16302679052598398,0.8369573517445367,0.8514715759594911,0.9109125379235496,0.950155715853678,1.0576527985717326,0.5099365840769204,0.28150660047058895,0.630542708674197,0.12967012536921665,0.6656440256009214,0.08176255208442858,0.20868375342935955,4.114012280442719,0.21267291186575038,4.132416045247341,0.2573739977511601,0.7426260022488399,0.018403764804622302,0.0531021564050868,True,ok,10,ok
82,127.0001111375623,0.12751989891376897,0.017883620885150324,34.96231489957043,73.20188435482807,65.43368297752927,0.4021846215454672,8.045090508496726,0.06904607203681726,0.22812036866251983,0.7718627763408162,0.856682763496829,0.9139187240713215,0.9568577335467365,1.056253209477203,0.49353199586265384,0.30750228318292255,0.7123820850236442,0.09313501892068139,0.31510620286176927,0.06634771896743157,0.14941561872448267,17.25816439989497,0.14642002025545575,17.403745894948155,0.7583189429399982,0.24168105706000176,0.1455814950531854,0.04639774588304488,True,ok,10,ok
83,145.9832242688487,0.1453756287262076,0.021680782459742993,60.83334553326686,25.32115531866705,60.896867877281466,0.14798943011386942,8.431685457183386,0.03607354679534535,0.2478002986453345,0.752182483850407,0.874598051441597,0.9254673173019731,0.9685416599183361,1.0420354958960785,0.4374180548198025,0.39420195479058145,0.740508875372218,0.14098314762303946,0.42791589475916286,0.10439927209277233,0.16043775071761454,12.912100357019078,0.16394532057095587,12.954078592529386,0.4752383957197685,0.5247616042802314,0.04197823551030904,0.04635266512479483,True,ok,10,ok
84,136.92575862348917,0.26664346730912175,0.027909392410067603,45.40921445692728,40.56604002231546,80.39504115756156,0.8057945623486268,6.030368357451654,0.04634707275942139,0.16845307784025484,0.8315322265130156,0.841423144327325,0.8967979226750523,0.9490720919812144,1.0424493126751058,0.5379801669527146,0.30909038073733225,0.6175891249301837,0.11572033261717157,0.5711785930465667,0.07146761895766879,0.15975154349954987,8.915302352378593,0.15227521503136163,9.031622813680778,0.6841664582406828,0.3158335417593172,0.11632046130218505,0.05369731712165096,True,ok,10,ok
85,141.92120069838109,0.3197908658149645,0.020304538588206134,49.53535834836346,70.33762221787504,86.72665095920794,0.7973275024458453,0.9891909826618229,0.08508764192148037,0.20706820196801382,0.7929134681467026,0.8473398169999593,0.9040102785912039,0.9430668898591094,1.0499625313465988,0.5113497242355493,0.29322609180867765,0.6512182929861329,0.10726290526252912,0.41069885836638453,0.0698515660657975,0.16836586415993363,4.984654314925166,0.16276860528398812,5.032791897115564,0.4761779434969553,0.5238220565030447,0.048137582190398175,0.0529540010040804,True,ok,10,ok
86,135.28662192156122,0.18483807274593644,0.02356739032980611,39.02809941780754,49.59518660661281,17.305268868556425,0.5735938023271393,0.16242190746660845,0.04553738743812813,0.21851303760354907,0.7814830200694308,0.8936894885089085,0.9305979318832576,0.9630813722978683,1.0271159379733845,0.330906426538077,0.37412062279956143,0.7215590821911186,0.12523013145098608,0.4478609459141516,0.09036093871244666,0.15116795118480544,13.607945090540301,0.14660135131739277,13.732829103913398,0.7202269271830563,0.27977307281694375,0.12488401337309689,0.048511355030500414,True,ok,10,ok
87,170.4862966124905,0.1506738154051061,0.013639702244260586,48.50428803346549,54.77404197070098,21.489970727938942,0.9398050065094975,7.200906432792756,0.06595569655986293,0.16223249697465952,0.8377626958233447,0.8511511705587038,0.9015532508735873,0.9497480958064519,1.0508272461362564,0.482045607239921,0.19668637832784266,0.6417617186348984,0.06781134950131244,0.3501649590021544,0.04351872819891403,0.17774076403890496,12.426522686183354,0.18047268668829222,12.474943779957524,0.48348255403296925,0.5165174459670308,0.048421093774169754,0.05172955979184881,True,ok,10,ok
88,157.23619946657897,0.14403836044905166,0.030273850606495886,38.14249217519265,61.828168468466735,72.29964435154136,0.6650855432752922,1.6620585954292095,0.06605430806081591,0.1962241793703151,0.8037611759564695,0.8582392039432158,0.9107037479245982,0.9502012070229565,1.0423539590926412,0.47509968608053715,0.3947645808371676,0.6799524858634614,0.1679045377993233,0.6877087110962059,0.11416710786440538,0.17503590934218896,12.569281935507739,0.1719303905206285,12.612082348110212,0.46381318406878336,0.5361868159312166,0.042800412602472915,0.049479009528239165,True,ok,10,ok
89,133.17431648517783,0.22788067925698563,0.02141307792258291,20.206310771844755,56.40937321001739,99.19215742208578,0.6337570661371208,3.103768090589244,0.019987885292300698,0.17401727193712124,0.8259648146764959,0.8576937487135616,0.9069035827233597,0.9562013921279569,1.0251846839326217,0.485486161419391,0.26411171812826867,0.6410742305657475,0.0892059727367102,0.42336838152901063,0.05718765033405555,0.15934060800805164,11.08978168414718,0.15346935484321306,11.225782029759445,0.7224498022091543,0.27755019779084567,0.13600034561226515,0.05224850599845489,True,ok,10,ok
90,176.37693570770216,0.2841791541405134,0.01727819248625125,49.338030732559204,34.1795330563063,62.96642957168118,0.8684916825965392,6.530095989097074,0.028028666659025616,0.24235277016357026,0.7576301754795481,0.8439635388480129,0.8955764157085682,0.9515576776079315,1.034683384106076,0.5249492702061802,0.3329206211756235,0.690491725704627,0.13276266109377857,0.41500627572193316,0.09167151896778171,0.1836839656040881,1.9050668403483613,0.18989222064614042,1.924182636649239,0.27655684409574693,0.7234431559042531,0.019115796300877567,0.050004880728035425,True,ok,10,ok
91,122.52346594199662,0.30712880527991504,0.030189361650495815,65.23634170174833,60.86435629826572,95.99675691316538,0.876357170156352,1.4711303889639735,0.051145205351949274,0.23631567465255332,0.7636610827751928,0.8455335863603184,0.898751573308896,0.945638368581842,1.035869971730888,0.5186703811494624,0.4214478927862879,0.6814289919296326,0.15713240024654637,0.5077280556261569,0.10707457309948765,0.14698903697480475,7.861400821257526,0.13616061886959258,7.978883151984304,0.7005933427129925,0.29940665728700755,0.11748233072677813,0.05020743102836083,True,ok,10,ok
92,150.75718119911863,0.22070125046588163,0.015091726778267187,41.432606033046156,36.78381712990925,27.128368272135617,0.8187700011887818,9.90558372202267,0.08203771557526902,0.19850545245595194,0.8014870332879066,0.8441510775917229,0.9007615211530072,0.9491498408503992,1.0639582401663528,0.5159437201564511,0.23180714877294742,0.659313513069149,0.08118263097532202,0.32777116342876106,0.05352480562853588,0.17737750222463067,7.260884904780511,0.18098463625653732,7.297129860862368,0.41435587447227035,0.5856441255277296,0.036244956081857425,0.05122805519865001,True,ok,10,ok
93,132.26635647999595,0.17242224350821742,0.011829759915920673,37.655932437062134,57.773218148610724,35.57789108671342,0.9048452593252286,9.092634033225176,0.07618223948863212,0.20202117202182948,0.7979696203687909,0.8382048832825193,0.8955464251115424,0.9464534286108053,1.0602665174294423,0.5377177047341213,0.20118060859120276,0.6674485477701008,0.05681974761464039,0.22442383425834567,0.03792425803005538,0.15058425825103977,14.4431371649004,0.148503491234076,14.624603099416262,0.7881317980259014,0.2118682019740986,0.18146593451586346,0.048782273931500475,True,ok,10,ok
94,125.27630676724246,0.1944958011629662,0.022985793918249852,67.40133583669248,46.38542158964439,15.709687827862528,0.3951624898927105,9.233548158658298,0.0688030833784398,0.20041214515525746,0.7995827765932743,0.8780242793226749,0.9259099051222468,0.9645463304711419,1.0555301417475242,0.39956942360654973,0.23440777000028562,0.6893028554823486,0.10373392023711674,0.41385592794973125,0.07150408742982275,0.23353736844741046,0.6357705618428646,0.24801325973224392,0.6433427920208302,0.12997800101479326,0.8700219989852067,0.007572230177965643,0.05068555282258859,True,ok,10,ok
95,86.73050766305566,0.3110251014590446,0.018898621156662392,31.543951000068667,62.150781644022466,75.83556938717616,0.6164362246130024,5.189020329607425,0.01467165566564805,0.1878990301754479,0.8120856283024576,0.8587450100728622,0.9071431571665289,0.9588696336840083,1.0263877706490843,0.48095343773231947,0.18721317245448396,0.6405332709918703,0.05536296019327537,0.23925506020159265,0.03546181798439138,0.15395764176549884,8.846396995170878,0.14686968340772294,9.042221985592741,0.7871202741114739,0.2128797258885261,0.1958249904218642,0.052961626900269454,True,ok,10,ok
96,124.55174193616088,0.1649026063436865,0.013799939199928593,52.45854857596996,27.213631139388355,22.56296006659283,0.33456891323765664,6.862908509687102,0.05618734366539192,0.16787831903267209,0.8321166846864171,0.8829153302852202,0.9288414323235352,0.9660917846102278,1.0458564780724093,0.3865305680415235,0.18135547839158697,0.6651452404722965,0.051867081940225386,0.2570801284680561,0.03449914268972752,0.15573025096132156,15.430529038506094,0.1547248561249849,15.61519951392911,0.7843982972463087,0.21560170275369128,0.18467047542301504,0.05075899461958336,True,ok,10,ok
97,112.81084330322018,0.23867062247147666,0.015046148544947156,42.49838205467877,66.66405637476348,43.50514959835957,0.44806014952550227,4.324170723655205,0.08369560682040951,0.15253762119799358,0.8474550143296942,0.8684379748566581,0.9213417716537566,0.955683452165405,1.0545356457458532,0.44014837610312696,0.15363393179943047,0.6259093855425967,0.0465405409338942,0.25855333500957256,0.02913016137875379,0.16047744051991594,11.439665451689027,0.15547941429217654,11.631737066040875,0.782103040082808,0.21789695991719205,0.19207161435184736,0.05351190151264933,True,ok,10,ok
98,137.11267215869333,0.28895421530821824,0.027534331439684576,51.62111829729005,65.62296168990702,75.02605161635638,0.7249596316695324,3.8509992037282617,0.03418480288455216,0.2130203420387762,0.7869626997638238,0.853920518864717,0.9043699096450145,0.9532869509287655,1.0324696948442302,0.4928050680853761,0.38005854821968316,0.6669019700261859,0.14456563887055326,0.5340274465200601,0.09641110936086612,0.15726325163558263,7.847004802979882,0.1457834856768986,7.9813149063153395,0.7239753026858811,0.27602469731411894,0.13431010333545773,0.051207417548444996,True,ok,10,ok
99,120.53476410273623,0.16704222571706154,0.016001850246501078,28.140272263027406,42.5505083347164,11.409737344806286,0.941708145971066,6.6710440255973396,0.02497043732824542,0.15990791231241733,0.8400890457831326,0.8688352407801941,0.9080599682477685,0.9590691756708546,1.030035806881158,0.4114476519446038,0.1844637302163951,0.6496623605185934,0.05543933831442213,0.29124947100402276,0.03601685139493638,0.15923481869047756,14.95343781869732,0.15714767159012125,15.12411311623857,0.7686068701090533,0.23139312989094674,0.1706752975412502,0.05138269358369777,True,ok,10,ok
100,175.26828055450449,0.1351436904597527,0.0170296921178935,43.50441807444851,43.27050543706819,46.146541390149466,0.43308294365741035,2.820287919757687,0.027676047892756357,0.1929593762760408,0.8070310910767907,0.8803500524900272,0.9237093943998955,0.9641484963047154,1.02644400655923,0.39922566557166805,0.3158269057849675,0.6935000662857514,0.10352727029969298,0.432969882932857,0.07179616881522,0.15553141949387364,16.653231831678447,0.15405284078496204,16.78071489292539,0.7228549915449597,0.2771450084550403,0.12748306124694092,0.0488774297755684,True,ok,10,ok
